#{"t_start": 1785249155.0639858, "env_id": "Pendulum-v1"}
r,l,t
-1028.539027,200,0.435816
-1323.361226,200,1.24013
-1570.883353,200,2.046773
-1576.724579,200,2.849863
-1652.302799,200,3.649425
-1539.342717,200,4.449191
-1474.8243,200,5.291748
-1372.49068,200,6.137251
-1378.357784,200,6.997757
-1511.478565,200,7.833686
-1162.805784,200,8.917318
-1159.229302,200,9.801942
-1111.567004,200,10.65616
-1153.148304,200,11.457282
-1092.939263,200,12.258236
-1497.658422,200,13.056636
-962.066687,200,13.854026
-811.495275,200,14.650022
-784.311586,200,15.445954
-662.343612,200,16.249736
-785.708068,200,17.176036
-334.09938,200,17.974451
-142.450278,200,18.776936
-141.569904,200,19.578928
-136.971233,200,20.376172
-368.833055,200,21.176765
-266.622205,200,21.979106
-1491.696113,200,22.778338
-251.868221,200,23.572279
-132.650723,200,24.371528
-5.880536,200,25.292912
-124.522332,200,26.232519
-2.640833,200,27.12315
-126.607562,200,27.982069
-249.504368,200,28.844804
-117.246075,200,29.695471
-126.41358,200,30.54833
-257.614877,200,31.38878
-1.429023,200,32.199655
-122.315162,200,33.028644
-118.480296,200,33.965597
-2.723595,200,34.769018
-117.019711,200,35.605181
-127.364221,200,36.434613
-596.52967,200,37.258343
-334.447933,200,38.067125
-123.962159,200,38.868404
-225.194945,200,39.669075
-127.534314,200,40.468156
-119.064497,200,41.265356
-124.930304,200,42.18226
-243.668069,200,42.988258
-115.946076,200,43.789615
-0.861899,200,44.590136
-126.321236,200,45.395947
-227.455047,200,46.201426
-121.698458,200,47.006494
-2.054976,200,47.807136
-269.253375,200,48.606846
-117.945772,200,49.407334
-126.64515,200,50.32669
-238.625644,200,51.125708
-223.651975,200,51.925861
-252.29691,200,52.730617
-241.645162,200,53.530989
-119.206349,200,54.328744
-354.187901,200,55.132068
-122.183014,200,55.931435
-271.997988,200,56.735625
-238.321026,200,57.533601
-124.125066,200,58.453762
-120.633792,200,59.25754
-124.753262,200,60.058573
-127.304817,200,60.861638
-127.659558,200,61.663865
-2.610778,200,62.464033
-116.880298,200,63.266253
-128.136683,200,64.06584
-113.953705,200,64.868153
-261.151448,200,65.67305
-341.091482,200,66.588442
-117.529767,200,67.390759
-222.244849,200,68.194994
-124.351417,200,68.999809
-125.2387,200,69.808592
-236.783851,200,70.610473
-353.112511,200,71.412449
-121.646549,200,72.218314
-234.024825,200,73.040735
-125.430703,200,73.875904
-225.651047,200,74.808084
-127.563367,200,75.675691
-244.019089,200,76.490153
-118.138004,200,77.363856
-231.143278,200,78.212854
-121.29532,200,79.017138
-125.313619,200,79.821224
-2.253265,200,80.619718
-118.176327,200,81.421483
-127.295705,200,82.276996
-3.696838,200,83.251592
-229.707219,200,84.107405
-117.12871,200,84.912345
-227.699238,200,85.722683
-1.906116,200,86.579683
-117.232481,200,87.378341
-126.242982,200,88.176396
-242.143142,200,88.978654
-235.236301,200,89.781157
-124.139944,200,90.586321
-340.366336,200,91.506124
-116.477568,200,92.34836
-2.16241,200,93.179973
-119.792862,200,94.012989
-232.489422,200,94.852816
-119.676301,200,95.687287
-124.112097,200,96.504124
-115.649617,200,97.306681
-126.51847,200,98.116504
-3.267318,200,98.945296
-122.401573,200,99.881988
-244.338092,200,100.688794
-121.655556,200,101.494142
-115.753295,200,102.302324
-236.092578,200,103.1084
-127.708499,200,103.927101
-234.148791,200,104.73297
-128.770877,200,105.565353
-126.041292,200,106.465055
-117.201646,200,107.286625
-4.178709,200,108.258545
-241.319245,200,109.103459
-118.342548,200,109.926076
-4.110467,200,110.732902
-120.759058,200,111.57186
-228.382913,200,112.404142
-125.921884,200,113.220073
-117.594615,200,114.043004
-249.748136,200,114.898123
-129.961809,200,115.765209
-121.827118,200,116.772915
-126.46779,200,117.622724
-243.944924,200,118.517768
-345.935038,200,119.34198
-126.777417,200,120.216939
-131.5409,200,121.057736
-240.639323,200,121.885231
-10.129234,200,122.735308
-134.930386,200,123.581902
-131.798369,200,124.410729
-128.904739,200,125.36711
-11.904369,200,126.177261
-15.375375,200,127.03614
-13.567969,200,127.897227
-130.441916,200,128.762774
-120.268257,200,129.60944
-127.333064,200,130.467493
-125.487222,200,131.314141
-123.506649,200,132.147072
-122.755671,200,132.964124
-239.062626,200,133.970089
-126.768701,200,134.810427
-243.677909,200,135.649156
-130.272746,200,136.490157
-319.515207,200,137.312527
-239.850208,200,138.141996
-237.754456,200,138.945565
-239.554847,200,139.776258
-321.091715,200,140.58473
-134.411327,200,141.449287
-132.942899,200,142.40042
-128.463981,200,143.218967
-129.531115,200,144.03129
-230.794965,200,144.881329
-119.771226,200,145.693548
-114.606111,200,146.52401
-118.092595,200,147.329127
-127.804872,200,148.135767
-0.186227,200,148.962467
-116.937087,200,149.789491
-120.788024,200,150.720755
-127.952873,200,151.567141
-120.763467,200,152.428392
-130.618866,200,153.252639
-228.47088,200,154.102025
-126.166936,200,154.908153
-119.074022,200,155.757025
-2.915979,200,156.591456
-3.002816,200,157.445569
-242.594477,200,158.273689
-124.849623,200,159.230379
-125.913032,200,160.05312
-126.480318,200,160.889092
-133.945989,200,161.716732
-128.808836,200,162.547519
-236.957119,200,163.410456
-132.684595,200,164.275256
-135.389781,200,165.093031
-14.150076,200,165.927986
-132.556387,200,166.745251
-13.769643,200,167.699035
-352.791213,200,168.542731
-251.700304,200,169.381008
-249.43859,200,170.243009
-125.905876,200,171.067818
-126.042472,200,171.873694
-117.479667,200,172.676917
-116.785981,200,173.494946
-226.611432,200,174.314883
-115.604992,200,175.118344
-118.533009,200,176.037771
-357.62895,200,176.84296
-118.483375,200,177.646585
-116.001207,200,178.456249
-116.98512,200,179.26148
-122.375793,200,180.065007
-124.117909,200,180.86689
-226.971837,200,181.667087
-115.753042,200,182.471086
-115.604194,200,183.275673
-225.260972,200,184.185924
-229.206446,200,184.989937
-1.48089,200,185.79586
-121.044126,200,186.700673
-120.207436,200,187.543751
-1.885725,200,188.37098
-225.590169,200,189.198813
-3.00819,200,190.009391
-250.470272,200,190.822423
-127.598366,200,191.644415
-121.024135,200,192.593278
-115.188399,200,193.402251
-123.788437,200,194.205283
-122.461469,200,195.026883
-122.600533,200,195.853709
-118.637109,200,196.74136
-235.683427,200,197.574873
-122.944649,200,198.410932
-304.379808,200,199.223143
-127.080221,200,200.080345
-241.73627,200,201.038252
-130.678075,200,201.879434
-242.906039,200,202.745469
-123.688134,200,203.585304
-124.160293,200,204.412694
-7.983473,200,205.246819
-8.45704,200,206.074318
-245.706629,200,206.886341
-338.157772,200,207.7264
-138.078715,200,208.628052
-135.028983,200,209.628332
-130.940399,200,210.492777
-244.02297,200,211.345629
-128.599775,200,212.299833
-127.344853,200,213.162105
-127.761407,200,214.041139
-255.405231,200,214.999524
-242.688031,200,215.885468
-130.676919,200,216.753467
-16.160209,200,217.603792
-14.709213,200,218.590058
-257.847714,200,219.459715
-249.696599,200,220.303925
-256.344101,200,221.177882
-133.203509,200,222.095034
-251.236237,200,223.089363
-238.244986,200,223.948781
-231.977654,200,224.852501
-135.530673,200,225.686772
-245.667117,200,226.495578
-126.702806,200,227.510899
-11.829578,200,228.362464
-12.555203,200,229.180023
-135.639979,200,229.991909
-234.222149,200,230.802616
-242.09707,200,231.612924
-229.840134,200,232.419841
-224.373748,200,233.234084
-233.886811,200,234.039594
-127.256421,200,234.929677
-128.513523,200,235.882371
-120.31064,200,236.841844
-114.902383,200,237.655427
-125.129936,200,238.473831
-300.003396,200,239.286982
-2.413555,200,240.095788
-116.698747,200,240.926869
-2.348267,200,241.792347
-117.180181,200,242.606585
-0.248769,200,243.418082
-127.252674,200,244.345394
-236.833715,200,245.156635
-125.631564,200,245.971386
-0.84062,200,247.043896
-125.781523,200,247.873165
-126.588657,200,248.685979
-247.152708,200,249.495479
-113.164199,200,250.302753
-119.189933,200,251.111314
-228.671596,200,251.920631
-116.01415,200,252.858492
-311.311933,200,253.729594
-123.00098,200,254.711025
-227.959574,200,255.602335
-116.875978,200,256.486134
-120.899118,200,257.32429
-278.782969,200,258.134201
-120.15453,200,258.943662
-229.110654,200,259.748559
-114.554331,200,260.551231
-236.290901,200,261.471669
-333.764415,200,262.278228
-125.29402,200,263.086159
-232.991104,200,263.91494
-116.901691,200,264.786608
-0.15864,200,265.636286
-246.689444,200,266.461696
-117.736652,200,267.310523
-127.865832,200,268.141465
-120.747217,200,269.000574
-264.124625,200,269.943476
-115.649543,200,270.821369
-231.185329,200,271.688288
-115.877457,200,272.532404
-128.19602,200,273.367548
-114.06337,200,274.240236
-116.536607,200,275.112212
-240.145383,200,275.970084
-117.11015,200,276.812039
-122.413069,200,277.63202
-234.247381,200,278.569545
-251.539007,200,279.374177
-120.670137,200,280.193768
-122.421612,200,281.001123
-236.212299,200,281.813695
-120.644334,200,282.619748
-121.01434,200,283.423069
-228.529036,200,284.224865
-123.963518,200,285.029947
-119.061695,200,285.831501
-233.858524,200,286.751173
-122.736882,200,287.556898
-127.265211,200,288.36221
-120.876975,200,289.16783
-229.259869,200,289.9697
-126.985795,200,290.77221
-118.767231,200,291.576741
-125.854222,200,292.378993
-0.773028,200,293.185648
-124.618556,200,293.986898
-116.597181,200,294.910011
-0.318835,200,295.713489
-114.354536,200,296.519493
-121.932268,200,297.325893
-221.679334,200,298.126748
-113.810701,200,298.930336
-0.514477,200,299.748316
-118.647732,200,300.589739
-123.560164,200,301.422326
-122.255213,200,302.236363
-1.712628,200,303.170014
-0.217901,200,303.993337
-125.348134,200,304.865602
-222.945452,200,305.700634
-118.71386,200,306.544668
-226.608632,200,307.413087
-288.360798,200,308.234703
-126.689917,200,309.160041
-331.209795,200,310.121973
-117.398322,200,311.0628
-224.850869,200,312.144236
-113.423894,200,313.056504
-119.293908,200,313.964094
-117.374173,200,314.851014
-0.601995,200,315.789066
-225.381132,200,316.742783
-230.616585,200,317.77308
-219.215608,200,318.785794
-125.132832,200,319.825506
-125.245889,200,320.777521
-123.443666,200,321.854493
-123.712189,200,322.807045
-234.916779,200,323.722525
-117.429103,200,324.667336
-127.247986,200,325.612448
-125.975958,200,326.556655
-0.74228,200,327.504788
-228.795347,200,328.467221
-225.735654,200,329.442874
-227.205463,200,330.386671
-233.105278,200,331.470157
-0.401895,200,332.378694
-119.402157,200,333.215505
-220.018184,200,334.025974
-117.269408,200,334.832956
-219.375302,200,335.637776
-116.415251,200,336.452487
-0.932673,200,337.265514
-130.988796,200,338.068665
-229.555636,200,338.888467
-0.301627,200,339.823477
-226.729913,200,340.676949
-118.444493,200,341.488597
-118.190826,200,342.314058
-1.075015,200,343.116007
-1.027134,200,343.963961
-120.668431,200,344.782073
-240.924399,200,345.620015
-226.091982,200,346.477964
-129.440744,200,347.34034
-116.403706,200,348.333956
-127.164046,200,349.161045
-127.85615,200,349.964537
-229.794305,200,350.768436
-317.398095,200,351.608684
-233.505376,200,352.452923
-234.087809,200,353.261303
-116.274372,200,354.067598
-123.222292,200,354.87504
-232.441761,200,355.67977
-2.462312,200,356.599378
-116.572284,200,357.408412
-123.487401,200,358.214787
-244.139349,200,359.043604
-115.802583,200,359.899001
-122.021154,200,360.74241
-119.87494,200,361.554798
-228.283728,200,362.371418
-118.526279,200,363.196496
-125.629959,200,364.044345
-230.298391,200,365.037188
-0.362209,200,365.889018
-0.247001,200,366.698832
-230.830461,200,367.504574
-321.77582,200,368.359197
-117.56223,200,369.166948
-0.363036,200,369.981855
-113.732082,200,370.786686
-123.445683,200,371.594491
-231.26971,200,372.395392
-120.901711,200,373.314175
-226.222536,200,374.117494
-118.527085,200,374.928402
-124.520557,200,375.730068
-224.195785,200,376.535406
-120.769405,200,377.338769
-118.076518,200,378.146898
-220.861501,200,378.956725
-238.81383,200,379.792361
-125.169409,200,380.606046
-302.566471,200,381.576748
-2.543611,200,382.389252
-118.548687,200,383.205629
-114.000301,200,384.011287
-223.276668,200,384.827815
-328.07183,200,385.630865
-322.691058,200,386.43539
-1.134041,200,387.237336
-126.190498,200,388.051382
-125.082603,200,388.858575
-116.087111,200,389.788658
-227.297135,200,390.612007
-0.392573,200,391.420229
-116.815515,200,392.220266
-129.430292,200,393.026197
-127.248415,200,393.830973
-129.988649,200,394.631774
-119.29815,200,395.437441
-114.844661,200,396.243658
-0.542562,200,397.048175
-0.152814,200,397.973043
-118.718034,200,398.80655
-2.117825,200,399.614841
-239.563964,200,400.417518
-124.833041,200,401.223882
-128.293356,200,402.03521
-219.68657,200,402.8383
-117.314085,200,403.643177
-121.061886,200,404.44735
-233.374254,200,405.253172
-129.276544,200,406.176985
-236.743877,200,407.012138
-120.958827,200,407.817836
-126.771109,200,408.620141
-236.923117,200,409.422307
-230.675366,200,410.250821
-121.405237,200,411.081459
-0.074064,200,411.934507
-123.403601,200,412.774163
-114.869028,200,413.620516
-224.315962,200,414.593745
-235.221153,200,415.465255
-295.805831,200,416.279855
-223.383817,200,417.088338
-121.202169,200,417.889581
-2.126905,200,418.694784
-1.142172,200,419.504816
-225.934153,200,420.312144
-222.46054,200,421.115989
-116.905284,200,421.923591
