#{"t_start": 1787586696.6387699, "env_id": "CartPole-v1"}
r,l,t
18.0,18,0.642184
16.0,16,0.642643
11.0,11,0.642943
14.0,14,0.643333
11.0,11,0.643685
15.0,15,0.644078
24.0,24,0.702534
26.0,26,0.706932
58.0,58,0.716808
16.0,16,0.720466
26.0,26,0.724195
16.0,16,0.726774
10.0,10,0.728505
12.0,12,0.730223
29.0,29,0.734052
27.0,27,0.737921
36.0,36,0.742794
22.0,22,0.745641
18.0,18,0.748308
18.0,18,0.750523
25.0,25,0.753875
12.0,12,0.75559
13.0,13,0.757791
31.0,31,0.761763
15.0,15,0.763904
11.0,11,0.765497
13.0,13,0.767239
21.0,21,0.769996
47.0,47,0.776782
18.0,18,0.779488
20.0,20,0.782172
20.0,20,0.784915
35.0,35,0.789452
19.0,19,0.792231
15.0,15,0.794846
15.0,15,0.797648
24.0,24,0.801541
22.0,22,0.804762
33.0,33,0.809643
18.0,18,0.812425
12.0,12,0.814184
16.0,16,0.816535
13.0,13,0.818281
35.0,35,0.823336
17.0,17,0.825681
27.0,27,0.829711
16.0,16,0.831958
42.0,42,0.837894
10.0,10,0.839745
18.0,18,0.841972
15.0,15,0.844211
18.0,18,0.846844
14.0,14,0.848619
12.0,12,0.850321
26.0,26,0.85424
19.0,19,0.856554
11.0,11,0.858154
12.0,12,0.859856
11.0,11,0.861545
26.0,26,0.864907
19.0,19,0.867633
19.0,19,0.870313
13.0,13,0.87199
19.0,19,0.87461
9.0,9,0.87591
16.0,16,0.878145
15.0,15,0.880308
15.0,15,0.882454
14.0,14,0.884215
16.0,16,0.886544
33.0,33,0.890912
15.0,15,0.893126
20.0,20,0.896102
25.0,25,0.899479
19.0,19,0.902114
14.0,14,0.904456
24.0,24,0.908
14.0,14,0.909752
27.0,27,0.913603
20.0,20,0.916522
23.0,23,0.919912
26.0,26,0.923421
42.0,42,0.929748
17.0,17,0.932118
19.0,19,0.934896
14.0,14,0.936725
26.0,26,0.940636
12.0,12,0.942354
16.0,16,0.944675
21.0,21,0.947519
15.0,15,0.949726
16.0,16,0.951917
16.0,16,0.9547
23.0,23,0.957666
10.0,10,0.959331
21.0,21,0.962229
14.0,14,0.96462
26.0,26,0.9682
33.0,33,0.972959
15.0,15,0.97518
17.0,17,1.011187
16.0,16,1.014278
10.0,10,1.016299
30.0,30,1.020928
12.0,12,1.023041
54.0,54,1.031495
13.0,13,1.033803
12.0,12,1.035718
28.0,28,1.040114
23.0,23,1.043748
15.0,15,1.046193
36.0,36,1.051704
48.0,48,1.058843
12.0,12,1.061086
22.0,22,1.063976
14.0,14,1.066116
15.0,15,1.068084
17.0,17,1.070908
30.0,30,1.075298
12.0,12,1.077015
15.0,15,1.079352
11.0,11,1.081165
20.0,20,1.084161
16.0,16,1.086478
14.0,14,1.088517
11.0,11,1.090265
17.0,17,1.092735
22.0,22,1.096081
22.0,22,1.099166
10.0,10,1.101094
14.0,14,1.102858
22.0,22,1.106179
13.0,13,1.108146
15.0,15,1.110601
11.0,11,1.1118
11.0,11,1.113552
19.0,19,1.116513
22.0,22,1.119486
20.0,20,1.122328
13.0,13,1.124479
10.0,10,1.125808
14.0,14,1.128097
20.0,20,1.131115
12.0,12,1.132779
18.0,18,1.135177
23.0,23,1.138616
16.0,16,1.141049
20.0,20,1.143986
12.0,12,1.145867
16.0,16,1.148249
19.0,19,1.151353
18.0,18,1.153844
72.0,72,1.16487
12.0,12,1.166844
26.0,26,1.170687
17.0,17,1.173191
15.0,15,1.175541
15.0,15,1.177575
15.0,15,1.179847
9.0,9,1.181162
35.0,35,1.186416
20.0,20,1.189279
13.0,13,1.191155
13.0,13,1.193534
23.0,23,1.196699
13.0,13,1.199062
20.0,20,1.201786
71.0,71,1.211568
22.0,22,1.215205
12.0,12,1.217098
19.0,19,1.220047
16.0,16,1.222503
18.0,18,1.225004
31.0,31,1.229509
11.0,11,1.231279
16.0,16,1.233726
11.0,11,1.23506
20.0,20,1.2381
12.0,12,1.239784
16.0,16,1.242315
16.0,16,1.24483
31.0,31,1.249486
23.0,23,1.252898
20.0,20,1.255962
19.0,19,1.259036
21.0,21,1.262092
11.0,11,1.263918
20.0,20,1.266961
26.0,26,1.27077
10.0,10,1.272515
11.0,11,1.273958
18.0,18,1.276853
18.0,18,1.279404
22.0,22,1.283046
21.0,21,1.286214
17.0,17,1.288534
10.0,10,1.29023
21.0,21,1.293339
25.0,25,1.297197
15.0,15,1.299551
18.0,18,1.302525
9.0,9,1.303962
20.0,20,1.307207
13.0,13,1.309019
22.0,22,1.31257
14.0,14,1.322687
12.0,12,1.324664
12.0,12,1.326891
15.0,15,1.329912
17.0,17,1.332637
16.0,16,1.335275
12.0,12,1.337163
21.0,21,1.340436
13.0,13,1.342582
10.0,10,1.344007
15.0,15,1.346487
13.0,13,1.348413
13.0,13,1.350336
10.0,10,1.352084
24.0,24,1.355695
17.0,17,1.358187
11.0,11,1.359922
16.0,16,1.362358
14.0,14,1.364344
18.0,18,1.367272
13.0,13,1.369099
15.0,15,1.371717
12.0,12,1.373575
15.0,15,1.376164
21.0,21,1.379281
24.0,24,1.382903
15.0,15,1.385371
19.0,19,1.387993
15.0,15,1.390369
28.0,28,1.394454
18.0,18,1.397291
14.0,14,1.399304
13.0,13,1.401181
15.0,15,1.403718
12.0,12,1.405654
11.0,11,1.407518
19.0,19,1.410419
13.0,13,1.41258
15.0,15,1.415111
14.0,14,1.417089
10.0,10,1.41876
16.0,16,1.421353
11.0,11,1.42272
13.0,13,1.425117
15.0,15,1.427097
15.0,15,1.429518
14.0,14,1.43183
18.0,18,1.434345
12.0,12,1.436154
12.0,12,1.438041
13.0,13,1.439865
33.0,33,1.445147
16.0,16,1.447503
16.0,16,1.45011
12.0,12,1.452138
15.0,15,1.454038
14.0,14,1.456447
13.0,13,1.458458
11.0,11,1.460381
18.0,18,1.463008
11.0,11,1.464863
36.0,36,1.470089
19.0,19,1.473258
18.0,18,1.475841
14.0,14,1.478118
16.0,16,1.480735
11.0,11,1.482417
16.0,16,1.484902
18.0,18,1.487595
13.0,13,1.489678
12.0,12,1.491642
17.0,17,1.494682
13.0,13,1.496513
17.0,17,1.499136
14.0,14,1.501529
15.0,15,1.503639
10.0,10,1.505381
31.0,31,1.51006
13.0,13,1.512054
11.0,11,1.513956
14.0,14,1.516042
16.0,16,1.518583
16.0,16,1.521149
22.0,22,1.524767
19.0,19,1.527396
10.0,10,1.529366
9.0,9,1.530726
18.0,18,1.533815
13.0,13,1.535839
10.0,10,1.53725
10.0,10,1.539101
11.0,11,1.541053
11.0,11,1.542525
14.0,14,1.545012
12.0,12,1.546846
12.0,12,1.548723
12.0,12,1.550702
12.0,12,1.552593
18.0,18,1.555247
13.0,13,1.557642
11.0,11,1.559029
15.0,15,1.561536
17.0,17,1.56427
11.0,11,1.565964
10.0,10,1.567645
16.0,16,1.570103
9.0,9,1.571435
12.0,12,1.57348
17.0,17,1.576588
14.0,14,1.579088
21.0,21,1.582299
20.0,20,1.585661
13.0,13,1.587776
15.0,15,1.590321
13.0,13,1.592476
10.0,10,1.594378
15.0,15,1.596478
11.0,11,1.598433
11.0,11,1.600336
12.0,12,1.60304
12.0,12,1.605108
13.0,13,1.607084
13.0,13,1.60899
12.0,12,1.611084
9.0,9,1.612885
8.0,8,1.614178
11.0,11,1.615662
14.0,14,1.618122
14.0,14,1.620286
10.0,10,1.622494
9.0,9,1.623851
21.0,21,1.627121
9.0,9,1.628888
13.0,13,1.631008
20.0,20,1.634253
9.0,9,1.635778
17.0,17,1.638443
12.0,12,1.640398
12.0,12,1.64646
16.0,16,1.649411
12.0,12,1.651725
13.0,13,1.654565
15.0,15,1.656928
14.0,14,1.659522
12.0,12,1.661747
16.0,16,1.664415
14.0,14,1.666448
12.0,12,1.668837
12.0,12,1.670919
14.0,14,1.673491
19.0,19,1.676581
14.0,14,1.678669
10.0,10,1.680557
9.0,9,1.681981
13.0,13,1.684
13.0,13,1.685983
11.0,11,1.687844
19.0,19,1.691008
16.0,16,1.693587
8.0,8,1.694928
14.0,14,1.696934
15.0,15,1.69955
12.0,12,1.701639
29.0,29,1.706165
11.0,11,1.708101
10.0,10,1.709954
12.0,12,1.711993
12.0,12,1.713916
10.0,10,1.715392
14.0,14,1.718234
8.0,8,1.719777
13.0,13,1.721902
17.0,17,1.724612
11.0,11,1.726674
15.0,15,1.729528
8.0,8,1.731157
8.0,8,1.732839
13.0,13,1.735395
11.0,11,1.737869
10.0,10,1.739658
17.0,17,1.74292
13.0,13,1.745437
12.0,12,1.747618
13.0,13,1.749781
10.0,10,1.751279
11.0,11,1.753172
10.0,10,1.755208
13.0,13,1.757542
9.0,9,1.759109
11.0,11,1.761188
10.0,10,1.762846
18.0,18,1.766179
13.0,13,1.76847
12.0,12,1.770641
14.0,14,1.773505
14.0,14,1.775659
12.0,12,1.77786
11.0,11,1.780038
12.0,12,1.782418
14.0,14,1.785184
15.0,15,1.78861
10.0,10,1.790848
11.0,11,1.792561
13.0,13,1.795399
12.0,12,1.797701
9.0,9,1.799255
16.0,16,1.80228
10.0,10,1.804024
11.0,11,1.80609
18.0,18,1.809527
14.0,14,1.811765
19.0,19,1.815065
12.0,12,1.817206
11.0,11,1.819166
8.0,8,1.820586
10.0,10,1.822197
9.0,9,1.823558
11.0,11,1.825576
12.0,12,1.827687
11.0,11,1.829692
16.0,16,1.832427
8.0,8,1.833708
10.0,10,1.835177
11.0,11,1.837137
12.0,12,1.839074
13.0,13,1.841041
9.0,9,1.842959
36.0,36,1.848907
10.0,10,1.85042
12.0,12,1.85245
10.0,10,1.854396
13.0,13,1.856527
11.0,11,1.858387
10.0,10,1.859895
12.0,12,1.861787
14.0,14,1.864325
11.0,11,1.865907
14.0,14,1.868442
12.0,12,1.870556
13.0,13,1.872693
9.0,9,1.874157
9.0,9,1.875956
9.0,9,1.87742
10.0,10,1.878943
10.0,10,1.880834
9.0,9,1.882211
11.0,11,1.88415
10.0,10,1.885511
19.0,19,1.888679
8.0,8,1.890007
16.0,16,1.892687
9.0,9,1.894135
10.0,10,1.896108
10.0,10,1.897575
10.0,10,1.899443
10.0,10,1.900901
9.0,9,1.902755
9.0,9,1.904234
12.0,12,1.906287
16.0,16,1.908845
9.0,9,1.910271
10.0,10,1.912201
10.0,10,1.913629
10.0,10,1.915522
19.0,19,1.918238
12.0,12,1.920129
12.0,12,1.922133
11.0,11,1.924161
9.0,9,1.925584
11.0,11,1.927562
9.0,9,1.929039
18.0,18,1.932262
11.0,11,1.934176
14.0,14,1.936331
13.0,13,1.938321
11.0,11,1.940195
9.0,9,1.941569
10.0,10,1.943391
12.0,12,1.945386
11.0,11,1.947319
12.0,12,1.949426
8.0,8,1.950822
11.0,11,1.952325
10.0,10,1.954355
9.0,9,1.955782
9.0,9,1.957214
9.0,9,1.959009
12.0,12,1.961011
12.0,12,1.962982
10.0,10,1.964435
11.0,11,1.966421
12.0,12,1.96847
10.0,10,1.969999
9.0,9,1.971887
10.0,10,1.973295
14.0,14,1.975953
12.0,12,1.977923
9.0,9,1.979274
9.0,9,1.980787
9.0,9,1.982233
10.0,10,1.984185
10.0,10,1.985665
10.0,10,1.987582
12.0,12,1.989542
11.0,11,1.995163
10.0,10,1.996604
9.0,9,1.998157
12.0,12,2.000533
9.0,9,2.002711
14.0,14,2.005349
9.0,9,2.007017
13.0,13,2.00962
10.0,10,2.011054
10.0,10,2.013044
11.0,11,2.014574
10.0,10,2.016878
9.0,9,2.018869
10.0,10,2.021129
8.0,8,2.022757
10.0,10,2.024663
12.0,12,2.027162
9.0,9,2.028862
11.0,11,2.031105
9.0,9,2.032778
9.0,9,2.034923
11.0,11,2.036663
11.0,11,2.038852
10.0,10,2.041016
10.0,10,2.042742
16.0,16,2.045685
10.0,10,2.048015
12.0,12,2.050122
16.0,16,2.053315
15.0,15,2.055721
12.0,12,2.0579
10.0,10,2.060003
11.0,11,2.062043
10.0,10,2.063612
11.0,11,2.065559
12.0,12,2.06763
9.0,9,2.069864
10.0,10,2.071783
10.0,10,2.073487
15.0,15,2.076178
12.0,12,2.078257
12.0,12,2.080195
12.0,12,2.082329
12.0,12,2.084398
11.0,11,2.086395
9.0,9,2.087893
11.0,11,2.089868
10.0,10,2.091405
10.0,10,2.093385
10.0,10,2.094905
11.0,11,2.09678
11.0,11,2.098892
12.0,12,2.100986
13.0,13,2.10294
10.0,10,2.104512
9.0,9,2.106424
11.0,11,2.10804
9.0,9,2.109998
10.0,10,2.111488
9.0,9,2.113005
10.0,10,2.115062
12.0,12,2.117182
13.0,13,2.11932
13.0,13,2.12158
11.0,11,2.123711
11.0,11,2.125724
9.0,9,2.127124
12.0,12,2.129287
10.0,10,2.131131
9.0,9,2.132631
8.0,8,2.134058
9.0,9,2.135571
10.0,10,2.137513
11.0,11,2.139046
9.0,9,2.140987
9.0,9,2.142583
12.0,12,2.14473
12.0,12,2.146851
9.0,9,2.148263
9.0,9,2.149749
10.0,10,2.15175
11.0,11,2.153859
13.0,13,2.155882
9.0,9,2.157356
9.0,9,2.158848
10.0,10,2.160822
10.0,10,2.162348
13.0,13,2.164978
11.0,11,2.166511
10.0,10,2.168461
12.0,12,2.17057
12.0,12,2.17268
10.0,10,2.174182
8.0,8,2.175601
9.0,9,2.17751
9.0,9,2.179019
12.0,12,2.181107
10.0,10,2.182686
10.0,10,2.184607
11.0,11,2.18658
9.0,9,2.188056
11.0,11,2.1901
10.0,10,2.1916
13.0,13,2.193682
8.0,8,2.195021
11.0,11,2.197111
11.0,11,2.199193
12.0,12,2.202226
11.0,11,2.204309
12.0,12,2.207358
10.0,10,2.208901
9.0,9,2.210371
12.0,12,2.212443
10.0,10,2.214428
9.0,9,2.215935
10.0,10,2.217893
15.0,15,2.220145
9.0,9,2.22204
8.0,8,2.22349
12.0,12,2.225671
11.0,11,2.227337
19.0,19,2.230717
8.0,8,2.232148
9.0,9,2.233757
10.0,10,2.235755
9.0,9,2.237275
10.0,10,2.239247
9.0,9,2.240795
11.0,11,2.24275
9.0,9,2.244225
9.0,9,2.245746
9.0,9,2.247234
11.0,11,2.249171
9.0,9,2.250656
10.0,10,2.252667
8.0,8,2.254131
9.0,9,2.255671
9.0,9,2.25721
9.0,9,2.259149
10.0,10,2.260767
11.0,11,2.262839
10.0,10,2.264329
9.0,9,2.266299
10.0,10,2.267893
9.0,9,2.269417
10.0,10,2.271337
10.0,10,2.272981
10.0,10,2.275025
11.0,11,2.277165
13.0,13,2.279257
10.0,10,2.280835
11.0,11,2.282802
9.0,9,2.284343
11.0,11,2.286349
12.0,12,2.288463
9.0,9,2.289985
8.0,8,2.291442
9.0,9,2.293425
12.0,12,2.29551
10.0,10,2.297113
9.0,9,2.298634
11.0,11,2.300607
8.0,8,2.302051
9.0,9,2.303604
11.0,11,2.30565
9.0,9,2.307161
9.0,9,2.309088
13.0,13,2.311298
9.0,9,2.312795
10.0,10,2.314879
11.0,11,2.316515
10.0,10,2.318518
10.0,10,2.320071
9.0,9,2.322033
9.0,9,2.323551
8.0,8,2.325002
10.0,10,2.326857
9.0,9,2.328781
10.0,10,2.330391
8.0,8,2.331842
10.0,10,2.333931
9.0,9,2.33547
9.0,9,2.336983
9.0,9,2.338513
10.0,10,2.340514
8.0,8,2.341949
9.0,9,2.343497
10.0,10,2.345536
11.0,11,2.347637
11.0,11,2.349677
10.0,10,2.351643
9.0,9,2.35314
9.0,9,2.354649
10.0,10,2.356631
9.0,9,2.367578
9.0,9,2.369467
10.0,10,2.371893
10.0,10,2.373785
10.0,10,2.376094
9.0,9,2.377798
10.0,10,2.379413
9.0,9,2.381406
10.0,10,2.383069
10.0,10,2.38539
10.0,10,2.387075
11.0,11,2.389146
8.0,8,2.390626
10.0,10,2.392204
9.0,9,2.394146
9.0,9,2.395717
10.0,10,2.397408
10.0,10,2.399535
10.0,10,2.401206
10.0,10,2.403181
12.0,12,2.405331
10.0,10,2.406952
10.0,10,2.40894
10.0,10,2.410539
9.0,9,2.412465
11.0,11,2.414111
9.0,9,2.416057
10.0,10,2.417685
10.0,10,2.419759
11.0,11,2.42147
8.0,8,2.42293
8.0,8,2.424468
9.0,9,2.426424
10.0,10,2.427992
9.0,9,2.429508
10.0,10,2.431502
9.0,9,2.432945
9.0,9,2.434509
9.0,9,2.436452
9.0,9,2.437976
12.0,12,2.440089
9.0,9,2.441656
10.0,10,2.443692
8.0,8,2.445169
9.0,9,2.446726
10.0,10,2.448334
10.0,10,2.450328
9.0,9,2.451819
10.0,10,2.453834
9.0,9,2.455362
9.0,9,2.456791
9.0,9,2.458303
9.0,9,2.460244
9.0,9,2.461774
9.0,9,2.463243
8.0,8,2.464679
8.0,8,2.46608
10.0,10,2.468096
9.0,9,2.469616
10.0,10,2.471198
9.0,9,2.473138
11.0,11,2.47483
10.0,10,2.476837
9.0,9,2.478389
10.0,10,2.480408
10.0,10,2.482006
8.0,8,2.483501
10.0,10,2.485509
9.0,9,2.487044
10.0,10,2.488593
9.0,9,2.490538
9.0,9,2.492095
9.0,9,2.493602
11.0,11,2.495681
10.0,10,2.497213
10.0,10,2.49921
12.0,12,2.501434
9.0,9,2.503035
11.0,11,2.505174
9.0,9,2.506656
10.0,10,2.50872
9.0,9,2.510235
9.0,9,2.511755
10.0,10,2.51375
9.0,9,2.515277
9.0,9,2.516845
9.0,9,2.518368
10.0,10,2.520382
10.0,10,2.521984
10.0,10,2.524007
9.0,9,2.5255
9.0,9,2.527046
10.0,10,2.529005
8.0,8,2.530469
9.0,9,2.53198
10.0,10,2.533918
10.0,10,2.535502
10.0,10,2.537456
9.0,9,2.539081
9.0,9,2.540601
10.0,10,2.542621
9.0,9,2.544166
10.0,10,2.545753
9.0,9,2.547681
9.0,9,2.549145
12.0,12,2.551232
9.0,9,2.552747
8.0,8,2.554206
10.0,10,2.556195
9.0,9,2.557725
10.0,10,2.559303
10.0,10,2.561262
9.0,9,2.562778
8.0,8,2.564233
9.0,9,2.565736
8.0,8,2.567185
10.0,10,2.569191
8.0,8,2.570614
10.0,10,2.572185
9.0,9,2.574102
10.0,10,2.5757
9.0,9,2.577237
8.0,8,2.578662
11.0,11,2.580684
10.0,10,2.582681
9.0,9,2.584238
9.0,9,2.585731
8.0,8,2.587166
10.0,10,2.589125
10.0,10,2.590728
9.0,9,2.592229
10.0,10,2.594231
11.0,11,2.596247
8.0,8,2.597696
9.0,9,2.599192
8.0,8,2.600629
8.0,8,2.602061
12.0,12,2.604192
9.0,9,2.60571
11.0,11,2.607782
11.0,11,2.609854
9.0,9,2.611367
9.0,9,2.612863
8.0,8,2.614294
12.0,12,2.61636
9.0,9,2.617851
11.0,11,2.619843
9.0,9,2.62137
9.0,9,2.62332
9.0,9,2.624872
12.0,12,2.626935
10.0,10,2.628513
8.0,8,2.629961
9.0,9,2.631924
9.0,9,2.633472
10.0,10,2.635027
8.0,8,2.636496
12.0,12,2.63864
9.0,9,2.640576
9.0,9,2.642104
10.0,10,2.643712
8.0,8,2.645182
9.0,9,2.647098
12.0,12,2.649206
8.0,8,2.650649
10.0,10,2.652288
9.0,9,2.653818
10.0,10,2.655862
11.0,11,2.657958
10.0,10,2.659524
10.0,10,2.661504
9.0,9,2.663013
8.0,8,2.664412
8.0,8,2.665888
10.0,10,2.667474
8.0,8,2.668931
10.0,10,2.67089
9.0,9,2.672402
9.0,9,2.67392
9.0,9,2.675868
9.0,9,2.677345
10.0,10,2.678906
8.0,8,2.680352
8.0,8,2.681787
9.0,9,2.683733
10.0,10,2.685343
11.0,11,2.687376
9.0,9,2.688914
11.0,11,2.690971
9.0,9,2.692507
10.0,10,2.694551
10.0,10,2.696159
11.0,11,2.698258
10.0,10,2.699837
10.0,10,2.701866
13.0,13,2.704073
10.0,10,2.70607
9.0,9,2.7076
9.0,9,2.709125
8.0,8,2.710532
9.0,9,2.71206
9.0,9,2.714012
10.0,10,2.715606
8.0,8,2.717051
10.0,10,2.719051
9.0,9,2.720584
10.0,10,2.722102
12.0,12,2.724237
9.0,9,2.726182
9.0,9,2.72772
9.0,9,2.732714
9.0,9,2.734226
10.0,10,2.736264
9.0,9,2.737814
10.0,10,2.740157
8.0,8,2.741989
11.0,11,2.743813
9.0,9,2.745869
10.0,10,2.747504
9.0,9,2.749103
10.0,10,2.751325
9.0,9,2.752923
10.0,10,2.755007
9.0,9,2.756651
10.0,10,2.758344
8.0,8,2.759801
9.0,9,2.761877
9.0,9,2.763402
11.0,11,2.765446
12.0,12,2.767643
8.0,8,2.769092
10.0,10,2.770611
8.0,8,2.772136
10.0,10,2.77422
10.0,10,2.775873
8.0,8,2.777343
12.0,12,2.779537
9.0,9,2.781074
10.0,10,2.783085
9.0,9,2.784632
12.0,12,2.78677
10.0,10,2.7888
8.0,8,2.790243
9.0,9,2.791833
8.0,8,2.793282
10.0,10,2.794922
9.0,9,2.796909
12.0,12,2.799086
10.0,10,2.8007
11.0,11,2.802796
9.0,9,2.804331
9.0,9,2.805877
9.0,9,2.807836
12.0,12,2.809915
10.0,10,2.8115
10.0,10,2.81356
10.0,10,2.815153
10.0,10,2.817155
9.0,9,2.818671
9.0,9,2.820176
10.0,10,2.822186
10.0,10,2.823712
10.0,10,2.825762
8.0,8,2.827266
8.0,8,2.828711
9.0,9,2.830256
11.0,11,2.832292
9.0,9,2.833763
8.0,8,2.835187
8.0,8,2.836642
10.0,10,2.838174
11.0,11,2.840202
10.0,10,2.842113
10.0,10,2.84371
10.0,10,2.845697
9.0,9,2.847224
10.0,10,2.848795
9.0,9,2.850825
9.0,9,2.852348
10.0,10,2.853962
10.0,10,2.855986
10.0,10,2.85757
10.0,10,2.859609
9.0,9,2.8611
10.0,10,2.863082
9.0,9,2.864622
10.0,10,2.866155
10.0,10,2.868176
10.0,10,2.869747
8.0,8,2.871196
10.0,10,2.8732
12.0,12,2.875276
10.0,10,2.876815
10.0,10,2.878895
9.0,9,2.880521
9.0,9,2.882087
8.0,8,2.883537
9.0,9,2.885504
9.0,9,2.887002
8.0,8,2.888455
9.0,9,2.889936
9.0,9,2.891468
10.0,10,2.893466
10.0,10,2.894983
10.0,10,2.897049
9.0,9,2.898918
10.0,10,2.900914
8.0,8,2.902412
10.0,10,2.90414
10.0,10,2.906119
10.0,10,2.907752
10.0,10,2.909787
8.0,8,2.91124
10.0,10,2.913192
8.0,8,2.914631
9.0,9,2.916109
11.0,11,2.918142
10.0,10,2.920155
9.0,9,2.921676
9.0,9,2.923152
9.0,9,2.924661
10.0,10,2.926604
8.0,8,2.92805
10.0,10,2.929582
9.0,9,2.931513
8.0,8,2.932986
10.0,10,2.934582
10.0,10,2.936588
10.0,10,2.938162
10.0,10,2.940182
8.0,8,2.941612
8.0,8,2.943042
10.0,10,2.944717
10.0,10,2.946727
9.0,9,2.948198
10.0,10,2.949741
9.0,9,2.951655
10.0,10,2.953281
9.0,9,2.954793
10.0,10,2.956814
9.0,9,2.958255
9.0,9,2.959792
9.0,9,2.961697
11.0,11,2.963293
8.0,8,2.964737
10.0,10,2.966803
10.0,10,2.968385
9.0,9,2.970262
8.0,8,2.971699
9.0,9,2.973249
10.0,10,2.974841
9.0,9,2.976777
11.0,11,2.978418
9.0,9,2.980336
10.0,10,2.981899
12.0,12,2.984016
9.0,9,2.985521
8.0,8,2.987017
10.0,10,2.989009
9.0,9,2.990433
10.0,10,2.992423
9.0,9,2.993982
12.0,12,2.996079
10.0,10,2.997683
9.0,9,2.999545
10.0,10,3.001201
11.0,11,3.003354
11.0,11,3.00541
10.0,10,3.007009
11.0,11,3.009094
11.0,11,3.01114
10.0,10,3.012742
10.0,10,3.014721
10.0,10,3.016332
12.0,12,3.018474
10.0,10,3.020509
10.0,10,3.022124
8.0,8,3.023582
9.0,9,3.025086
9.0,9,3.027029
11.0,11,3.028702
10.0,10,3.030737
9.0,9,3.032209
9.0,9,3.033682
11.0,11,3.035676
10.0,10,3.037665
9.0,9,3.039136
10.0,10,3.040705
9.0,9,3.042577
10.0,10,3.04416
10.0,10,3.046136
10.0,10,3.047713
8.0,8,3.049139
10.0,10,3.051222
9.0,9,3.052752
9.0,9,3.054256
8.0,8,3.055689
9.0,9,3.057198
11.0,11,3.059231
9.0,9,3.060751
9.0,9,3.062625
10.0,10,3.06423
10.0,10,3.066211
10.0,10,3.067755
8.0,8,3.069193
10.0,10,3.071174
11.0,11,3.072778
10.0,10,3.074764
10.0,10,3.076323
10.0,10,3.078373
10.0,10,3.079928
9.0,9,3.081848
11.0,11,3.083436
10.0,10,3.08544
11.0,11,3.087473
8.0,8,3.088883
10.0,10,3.09046
9.0,9,3.092006
10.0,10,3.093999
12.0,12,3.099638
9.0,9,3.101375
10.0,10,3.103678
11.0,11,3.105673
11.0,11,3.108295
8.0,8,3.109829
10.0,10,3.111871
9.0,9,3.113402
10.0,10,3.11508
9.0,9,3.117093
9.0,9,3.118831
10.0,10,3.120478
10.0,10,3.122555
10.0,10,3.124157
11.0,11,3.12626
9.0,9,3.12777
9.0,9,3.129676
8.0,8,3.131107
12.0,12,3.133277
9.0,9,3.134906
10.0,10,3.136481
11.0,11,3.138528
11.0,11,3.140682
9.0,9,3.142194
13.0,13,3.14436
9.0,9,3.146294
12.0,12,3.14851
9.0,9,3.150076
8.0,8,3.151582
14.0,14,3.153886
11.0,11,3.15609
9.0,9,3.157656
9.0,9,3.15965
9.0,9,3.161231
11.0,11,3.163339
11.0,11,3.165087
11.0,11,3.167267
11.0,11,3.169368
10.0,10,3.171025
10.0,10,3.17305
10.0,10,3.174622
11.0,11,3.176611
11.0,11,3.178696
10.0,10,3.180295
10.0,10,3.182284
10.0,10,3.183896
14.0,14,3.186735
14.0,14,3.18908
9.0,9,3.191055
10.0,10,3.192627
11.0,11,3.194775
9.0,9,3.196287
15.0,15,3.19904
11.0,11,3.201085
13.0,13,3.203314
9.0,9,3.204822
11.0,11,3.206849
13.0,13,3.209056
13.0,13,3.211254
12.0,12,3.213384
9.0,9,3.215272
10.0,10,3.216846
11.0,11,3.21888
11.0,11,3.220938
12.0,12,3.223039
12.0,12,3.225167
12.0,12,3.227336
10.0,10,3.228917
9.0,9,3.23042
11.0,11,3.232497
9.0,9,3.233992
10.0,10,3.236046
10.0,10,3.237617
11.0,11,3.2397
8.0,8,3.241189
8.0,8,3.242627
9.0,9,3.244237
10.0,10,3.246282
15.0,15,3.249028
9.0,9,3.250572
9.0,9,3.252111
12.0,12,3.254242
8.0,8,3.25573
9.0,9,3.257229
10.0,10,3.259241
9.0,9,3.260703
9.0,9,3.262245
9.0,9,3.264163
9.0,9,3.265651
11.0,11,3.267726
12.0,12,3.269819
14.0,14,3.272099
11.0,11,3.274186
9.0,9,3.27569
10.0,10,3.277689
11.0,11,3.279359
10.0,10,3.281361
10.0,10,3.282954
10.0,10,3.284966
11.0,11,3.286999
8.0,8,3.288437
9.0,9,3.289966
11.0,11,3.292073
10.0,10,3.293633
9.0,9,3.295133
11.0,11,3.297165
11.0,11,3.299311
9.0,9,3.300804
9.0,9,3.302337
13.0,13,3.304918
10.0,10,3.306544
8.0,8,3.307972
10.0,10,3.309989
10.0,10,3.311563
8.0,8,3.313001
9.0,9,3.314468
8.0,8,3.31589
10.0,10,3.317936
8.0,8,3.319381
10.0,10,3.320911
9.0,9,3.322889
9.0,9,3.324423
9.0,9,3.326107
9.0,9,3.327764
9.0,9,3.329855
10.0,10,3.331615
9.0,9,3.333251
9.0,9,3.335416
10.0,10,3.337087
12.0,12,3.339594
10.0,10,3.341813
9.0,9,3.343472
9.0,9,3.345107
9.0,9,3.346783
11.0,11,3.349016
9.0,9,3.350661
10.0,10,3.352816
10.0,10,3.354571
10.0,10,3.35673
10.0,10,3.358437
10.0,10,3.360699
8.0,8,3.36242
10.0,10,3.364164
11.0,11,3.366305
9.0,9,3.367959
14.0,14,3.370858
13.0,13,3.373321
10.0,10,3.375571
9.0,9,3.377217
8.0,8,3.378795
9.0,9,3.380379
9.0,9,3.381919
9.0,9,3.383919
10.0,10,3.385538
9.0,9,3.387081
9.0,9,3.389032
15.0,15,3.391287
10.0,10,3.393324
9.0,9,3.394901
8.0,8,3.396353
10.0,10,3.398361
10.0,10,3.399981
9.0,9,3.401562
11.0,11,3.403643
9.0,9,3.405242
10.0,10,3.407308
10.0,10,3.408953
9.0,9,3.410884
9.0,9,3.412355
11.0,11,3.414379
9.0,9,3.415905
10.0,10,3.417426
10.0,10,3.419372
10.0,10,3.420961
9.0,9,3.422928
10.0,10,3.424534
9.0,9,3.426009
11.0,11,3.428028
8.0,8,3.429458
11.0,11,3.431576
9.0,9,3.433043
10.0,10,3.435029
9.0,9,3.436568
10.0,10,3.438165
9.0,9,3.440102
8.0,8,3.44154
11.0,11,3.443249
11.0,11,3.445353
10.0,10,3.447371
10.0,10,3.448986
9.0,9,3.45055
9.0,9,3.452504
10.0,10,3.45411
13.0,13,3.456322
10.0,10,3.458351
9.0,9,3.459828
10.0,10,3.461821
10.0,10,3.463408
10.0,10,3.468937
9.0,9,3.470498
9.0,9,3.472035
9.0,9,3.473723
11.0,11,3.476271
10.0,10,3.480718
10.0,10,3.482542
15.0,15,3.485848
10.0,10,3.488451
10.0,10,3.490757
9.0,9,3.492301
8.0,8,3.493758
9.0,9,3.495339
10.0,10,3.497415
10.0,10,3.499016
10.0,10,3.501207
10.0,10,3.502915
10.0,10,3.505044
10.0,10,3.506661
10.0,10,3.50863
8.0,8,3.510103
8.0,8,3.511558
9.0,9,3.513087
9.0,9,3.51459
10.0,10,3.516631
9.0,9,3.518214
13.0,13,3.520397
9.0,9,3.522312
12.0,12,3.524473
9.0,9,3.526028
11.0,11,3.528177
10.0,10,3.529752
11.0,11,3.531769
9.0,9,3.533279
8.0,8,3.534817
10.0,10,3.536832
10.0,10,3.538453
11.0,11,3.540493
9.0,9,3.542001
10.0,10,3.544026
8.0,8,3.545512
10.0,10,3.547063
10.0,10,3.549046
9.0,9,3.55058
10.0,10,3.552161
9.0,9,3.554101
9.0,9,3.555619
10.0,10,3.557232
9.0,9,3.559327
11.0,11,3.560959
9.0,9,3.562893
8.0,8,3.564336
10.0,10,3.565901
10.0,10,3.567898
8.0,8,3.569321
9.0,9,3.570834
9.0,9,3.572367
9.0,9,3.573885
12.0,12,3.57606
12.0,12,3.578224
9.0,9,3.580207
9.0,9,3.581729
9.0,9,3.583242
11.0,11,3.585347
11.0,11,3.58737
11.0,11,3.588979
9.0,9,3.590909
10.0,10,3.592415
9.0,9,3.593894
10.0,10,3.59586
10.0,10,3.597354
8.0,8,3.598751
10.0,10,3.600784
9.0,9,3.602283
9.0,9,3.603772
9.0,9,3.605695
10.0,10,3.607312
13.0,13,3.609452
8.0,8,3.610931
8.0,8,3.612358
9.0,9,3.614422
10.0,10,3.616002
8.0,8,3.617477
10.0,10,3.619493
9.0,9,3.621035
10.0,10,3.622615
10.0,10,3.624558
10.0,10,3.626152
10.0,10,3.628167
9.0,9,3.629698
10.0,10,3.631683
8.0,8,3.633074
8.0,8,3.634569
10.0,10,3.636137
9.0,9,3.637613
9.0,9,3.639606
10.0,10,3.641257
9.0,9,3.6428
8.0,8,3.644258
8.0,8,3.645728
10.0,10,3.64777
13.0,13,3.649971
11.0,11,3.652072
11.0,11,3.654167
11.0,11,3.655743
10.0,10,3.657791
10.0,10,3.659405
11.0,11,3.661518
12.0,12,3.663692
10.0,10,3.665683
9.0,9,3.667213
10.0,10,3.668783
12.0,12,3.670927
9.0,9,3.67285
8.0,8,3.67429
9.0,9,3.675788
10.0,10,3.677423
10.0,10,3.67946
9.0,9,3.68098
10.0,10,3.682927
9.0,9,3.684473
10.0,10,3.686065
9.0,9,3.687903
11.0,11,3.6896
8.0,8,3.691035
9.0,9,3.692975
9.0,9,3.694491
9.0,9,3.696004
9.0,9,3.697537
11.0,11,3.699522
10.0,10,3.701499
10.0,10,3.703083
9.0,9,3.704637
9.0,9,3.706573
8.0,8,3.707981
12.0,12,3.710003
9.0,9,3.711502
9.0,9,3.713021
12.0,12,3.715129
9.0,9,3.716558
10.0,10,3.718595
8.0,8,3.720045
11.0,11,3.722055
11.0,11,3.723703
9.0,9,3.725669
10.0,10,3.727215
10.0,10,3.729171
8.0,8,3.730622
10.0,10,3.732199
10.0,10,3.734169
9.0,9,3.735655
9.0,9,3.737171
11.0,11,3.739199
10.0,10,3.740778
11.0,11,3.742815
9.0,9,3.74432
9.0,9,3.74631
9.0,9,3.747967
8.0,8,3.749491
8.0,8,3.751095
9.0,9,3.752714
10.0,10,3.754767
10.0,10,3.756484
10.0,10,3.758511
10.0,10,3.760101
9.0,9,3.761627
11.0,11,3.763654
9.0,9,3.765121
10.0,10,3.767147
11.0,11,3.769205
11.0,11,3.770819
11.0,11,3.77292
9.0,9,3.774476
8.0,8,3.775883
10.0,10,3.777845
10.0,10,3.779445
10.0,10,3.78151
9.0,9,3.783022
10.0,10,3.78504
9.0,9,3.786555
8.0,8,3.78802
9.0,9,3.789488
8.0,8,3.790943
9.0,9,3.792478
8.0,8,3.793935
9.0,9,3.795824
10.0,10,3.797414
9.0,9,3.798931
8.0,8,3.800417
8.0,8,3.801854
10.0,10,3.803846
9.0,9,3.805357
9.0,9,3.806798
10.0,10,3.808773
8.0,8,3.81023
10.0,10,3.811812
8.0,8,3.813274
10.0,10,3.815233
9.0,9,3.816695
9.0,9,3.818216
10.0,10,3.820237
9.0,9,3.82174
11.0,11,3.823732
9.0,9,3.825237
10.0,10,3.827239
11.0,11,3.828852
10.0,10,3.830865
10.0,10,3.83358
10.0,10,3.839225
9.0,9,3.840895
11.0,11,3.843167
10.0,10,3.844714
10.0,10,3.847041
10.0,10,3.848915
10.0,10,3.85146
9.0,9,3.853382
10.0,10,3.855945
9.0,9,3.857763
10.0,10,3.859503
9.0,9,3.861548
9.0,9,3.863128
9.0,9,3.864639
11.0,11,3.866714
9.0,9,3.868254
10.0,10,3.870401
9.0,9,3.871976
9.0,9,3.873629
9.0,9,3.875741
9.0,9,3.877863
10.0,10,3.879543
9.0,9,3.881072
11.0,11,3.883106
9.0,9,3.884669
10.0,10,3.886725
10.0,10,3.888302
10.0,10,3.890293
11.0,11,3.892389
10.0,10,3.893983
11.0,11,3.896
8.0,8,3.897521
11.0,11,3.899596
9.0,9,3.901162
10.0,10,3.902768
10.0,10,3.904803
10.0,10,3.906362
9.0,9,3.908284
10.0,10,3.909902
10.0,10,3.91194
8.0,8,3.913416
10.0,10,3.914976
9.0,9,3.91648
9.0,9,3.918392
10.0,10,3.919978
10.0,10,3.921975
9.0,9,3.923499
8.0,8,3.924964
9.0,9,3.926513
8.0,8,3.927953
8.0,8,3.929408
9.0,9,3.930903
9.0,9,3.932783
9.0,9,3.934338
9.0,9,3.935836
10.0,10,3.937836
10.0,10,3.93944
11.0,11,3.941659
9.0,9,3.943402
9.0,9,3.945042
8.0,8,3.946643
12.0,12,3.948964
9.0,9,3.951089
8.0,8,3.952702
11.0,11,3.954444
9.0,9,3.956408
9.0,9,3.957958
8.0,8,3.959382
9.0,9,3.960941
9.0,9,3.96245
10.0,10,3.964501
9.0,9,3.966021
10.0,10,3.96806
10.0,10,3.96968
12.0,12,3.971781
8.0,8,3.973206
8.0,8,3.974729
10.0,10,3.976768
10.0,10,3.978333
8.0,8,3.979721
9.0,9,3.981288
8.0,8,3.982753
8.0,8,3.984189
10.0,10,3.986205
9.0,9,3.987739
9.0,9,3.989278
9.0,9,3.991163
10.0,10,3.992725
8.0,8,3.994196
9.0,9,3.995729
9.0,9,3.997699
8.0,8,3.99914
9.0,9,4.000647
12.0,12,4.002794
9.0,9,4.004478
10.0,10,4.006528
10.0,10,4.008171
9.0,9,4.009706
8.0,8,4.011155
10.0,10,4.013185
9.0,9,4.014723
12.0,12,4.016813
10.0,10,4.018823
11.0,11,4.020465
8.0,8,4.021944
12.0,12,4.024058
11.0,11,4.026106
10.0,10,4.028154
10.0,10,4.029765
10.0,10,4.031735
9.0,9,4.033206
11.0,11,4.035256
9.0,9,4.036791
10.0,10,4.038365
9.0,9,4.040208
10.0,10,4.041689
8.0,8,4.043138
9.0,9,4.044641
10.0,10,4.04665
10.0,10,4.048223
10.0,10,4.050271
9.0,9,4.05186
10.0,10,4.053884
9.0,9,4.055415
10.0,10,4.056976
11.0,11,4.05904
10.0,10,4.061019
9.0,9,4.062524
9.0,9,4.064078
10.0,10,4.066028
10.0,10,4.067581
11.0,11,4.069604
9.0,9,4.071124
9.0,9,4.072635
8.0,8,4.074066
11.0,11,4.076069
10.0,10,4.078048
10.0,10,4.07963
11.0,11,4.081651
10.0,10,4.083138
10.0,10,4.085169
10.0,10,4.086752
35.0,35,4.092968
22.0,22,4.096985
8.0,8,4.098488
9.0,9,4.099949
10.0,10,4.101517
10.0,10,4.103483
11.0,11,4.105565
9.0,9,4.107078
10.0,10,4.108688
9.0,9,4.110601
8.0,8,4.11208
12.0,12,4.114158
9.0,9,4.115672
10.0,10,4.117236
9.0,9,4.119145
10.0,10,4.120679
10.0,10,4.122662
10.0,10,4.124212
9.0,9,4.125742
10.0,10,4.127722
10.0,10,4.129292
10.0,10,4.131291
8.0,8,4.132823
10.0,10,4.134419
10.0,10,4.136469
10.0,10,4.138174
12.0,12,4.140417
10.0,10,4.14248
10.0,10,4.144051
8.0,8,4.145478
9.0,9,4.147424
8.0,8,4.148851
10.0,10,4.150467
10.0,10,4.152432
9.0,9,4.153929
10.0,10,4.155489
12.0,12,4.157557
8.0,8,4.158966
10.0,10,4.16093
9.0,9,4.162427
9.0,9,4.163932
9.0,9,4.165811
10.0,10,4.167401
8.0,8,4.168828
11.0,11,4.170816
9.0,9,4.172336
10.0,10,4.174404
10.0,10,4.175948
12.0,12,4.178069
9.0,9,4.179575
9.0,9,4.18152
9.0,9,4.183016
9.0,9,4.184552
10.0,10,4.186525
9.0,9,4.188064
9.0,9,4.189561
10.0,10,4.191507
9.0,9,4.193009
9.0,9,4.194517
9.0,9,4.196001
9.0,9,4.197876
10.0,10,4.19951
10.0,10,4.201521
9.0,9,4.203054
12.0,12,4.210962
9.0,9,4.21261
10.0,10,4.215202
10.0,10,4.217302
8.0,8,4.218944
10.0,10,4.221064
9.0,9,4.222674
11.0,11,4.22476
10.0,10,4.226405
10.0,10,4.228419
8.0,8,4.2299
9.0,9,4.231442
10.0,10,4.233015
10.0,10,4.235271
10.0,10,4.236899
9.0,9,4.23891
12.0,12,4.241055
10.0,10,4.242695
11.0,11,4.2448
10.0,10,4.24641
10.0,10,4.248372
11.0,11,4.250548
8.0,8,4.252039
10.0,10,4.253611
12.0,12,4.255753
9.0,9,4.257358
9.0,9,4.259367
10.0,10,4.260898
11.0,11,4.262948
11.0,11,4.265044
11.0,11,4.266811
10.0,10,4.268866
10.0,10,4.270475
9.0,9,4.27243
12.0,12,4.274644
10.0,10,4.276253
12.0,12,4.278403
9.0,9,4.279905
9.0,9,4.281866
11.0,11,4.283617
10.0,10,4.285678
10.0,10,4.287288
11.0,11,4.289397
11.0,11,4.291486
9.0,9,4.292994
9.0,9,4.294519
11.0,11,4.296583
11.0,11,4.298642
10.0,10,4.300268
11.0,11,4.302385
10.0,10,4.304441
10.0,10,4.306027
11.0,11,4.308246
9.0,9,4.309791
10.0,10,4.311821
10.0,10,4.313422
10.0,10,4.315426
12.0,12,4.317677
11.0,11,4.31941
10.0,10,4.321366
11.0,11,4.323426
10.0,10,4.324961
10.0,10,4.326986
12.0,12,4.329101
9.0,9,4.330569
9.0,9,4.332079
9.0,9,4.333665
9.0,9,4.335691
10.0,10,4.337201
9.0,9,4.33871
8.0,8,4.340196
9.0,9,4.342074
12.0,12,4.344153
10.0,10,4.345712
11.0,11,4.347752
9.0,9,4.349263
12.0,12,4.351354
10.0,10,4.353352
9.0,9,4.354997
9.0,9,4.35658
8.0,8,4.35803
10.0,10,4.360082
10.0,10,4.361674
10.0,10,4.363713
9.0,9,4.365303
11.0,11,4.367406
11.0,11,4.369122
8.0,8,4.37059
12.0,12,4.372693
10.0,10,4.374666
11.0,11,4.376756
9.0,9,4.378268
11.0,11,4.380336
10.0,10,4.381914
12.0,12,4.384097
9.0,9,4.385614
11.0,11,4.387706
8.0,8,4.389146
10.0,10,4.39119
9.0,9,4.392723
10.0,10,4.394285
11.0,11,4.396376
9.0,9,4.397887
11.0,11,4.399962
11.0,11,4.401948
9.0,9,4.403526
13.0,13,4.40575
12.0,12,4.407791
9.0,9,4.409722
11.0,11,4.411336
10.0,10,4.413316
11.0,11,4.415397
10.0,10,4.418358
12.0,12,4.420461
9.0,9,4.421994
11.0,11,4.424159
9.0,9,4.425608
9.0,9,4.427553
9.0,9,4.429038
9.0,9,4.430566
11.0,11,4.432596
9.0,9,4.434094
10.0,10,4.436069
9.0,9,4.43755
11.0,11,4.439513
10.0,10,4.44119
9.0,9,4.442707
11.0,11,4.444792
10.0,10,4.446716
11.0,11,4.448376
10.0,10,4.45041
10.0,10,4.451942
10.0,10,4.453934
13.0,13,4.45611
9.0,9,4.457634
11.0,11,4.459689
9.0,9,4.461145
10.0,10,4.463105
9.0,9,4.464638
11.0,11,4.466696
8.0,8,4.468111
10.0,10,4.469699
10.0,10,4.471712
12.0,12,4.473849
12.0,12,4.476006
11.0,11,4.478092
10.0,10,4.479663
12.0,12,4.481797
12.0,12,4.483913
14.0,14,4.486535
10.0,10,4.488122
9.0,9,4.489678
13.0,13,4.492325
11.0,11,4.493974
12.0,12,4.496069
9.0,9,4.497991
11.0,11,4.499641
9.0,9,4.50155
12.0,12,4.503761
9.0,9,4.505294
10.0,10,4.506834
11.0,11,4.508923
11.0,11,4.511051
10.0,10,4.512636
9.0,9,4.51457
10.0,10,4.516154
12.0,12,4.51835
12.0,12,4.520526
11.0,11,4.522633
11.0,11,4.524635
12.0,12,4.526765
9.0,9,4.528276
11.0,11,4.530302
10.0,10,4.531864
11.0,11,4.533979
11.0,11,4.53603
9.0,9,4.537573
11.0,11,4.539689
9.0,9,4.541268
13.0,13,4.543469
10.0,10,4.545475
9.0,9,4.546994
10.0,10,4.548616
9.0,9,4.550593
11.0,11,4.552283
13.0,13,4.554893
9.0,9,4.556438
11.0,11,4.558465
11.0,11,4.560131
10.0,10,4.562162
9.0,9,4.563708
13.0,13,4.565844
10.0,10,4.567868
12.0,12,4.570017
9.0,9,4.571548
16.0,16,4.578244
12.0,12,4.580576
14.0,14,4.583746
11.0,11,4.585514
13.0,13,4.588321
13.0,13,4.590653
11.0,11,4.592791
12.0,12,4.595093
9.0,9,4.596611
11.0,11,4.598706
12.0,12,4.601057
13.0,13,4.603381
15.0,15,4.60622
13.0,13,4.608465
19.0,19,4.612136
22.0,22,4.615916
14.0,14,4.618633
13.0,13,4.62084
11.0,11,4.622925
13.0,13,4.625204
12.0,12,4.6272
11.0,11,4.629277
12.0,12,4.631394
11.0,11,4.633152
10.0,10,4.635233
11.0,11,4.637333
13.0,13,4.639512
12.0,12,4.641676
12.0,12,4.643849
11.0,11,4.645903
9.0,9,4.647436
11.0,11,4.649512
11.0,11,4.651191
10.0,10,4.653208
9.0,9,4.654718
10.0,10,4.656741
9.0,9,4.658211
10.0,10,4.659747
10.0,10,4.661741
9.0,9,4.663224
11.0,11,4.665295
9.0,9,4.666841
12.0,12,4.668936
9.0,9,4.670401
9.0,9,4.67229
10.0,10,4.673887
9.0,9,4.675405
11.0,11,4.677523
10.0,10,4.679519
13.0,13,4.681695
10.0,10,4.683275
11.0,11,4.685387
12.0,12,4.687533
12.0,12,4.689619
10.0,10,4.691621
12.0,12,4.693841
11.0,11,4.69551
9.0,9,4.697394
9.0,9,4.69888
8.0,8,4.700386
10.0,10,4.701928
13.0,13,4.70453
10.0,10,4.70608
11.0,11,4.708187
11.0,11,4.710299
14.0,14,4.712561
11.0,11,4.714661
9.0,9,4.716159
11.0,11,4.718363
12.0,12,4.720465
10.0,10,4.721963
11.0,11,4.724134
12.0,12,4.726304
11.0,11,4.728398
9.0,9,4.729899
12.0,12,4.732093
11.0,11,4.734153
10.0,10,4.735703
10.0,10,4.737699
10.0,10,4.739303
10.0,10,4.741319
11.0,11,4.743403
10.0,10,4.744976
10.0,10,4.746966
10.0,10,4.748635
15.0,15,4.751579
11.0,11,4.753667
10.0,10,4.75531
10.0,10,4.757291
12.0,12,4.759396
11.0,11,4.761055
10.0,10,4.763119
14.0,14,4.765429
14.0,14,4.768116
15.0,15,4.77087
13.0,13,4.773094
13.0,13,4.775284
16.0,16,4.778105
12.0,12,4.780236
13.0,13,4.782455
13.0,13,4.785162
17.0,17,4.788081
14.0,14,4.790324
12.0,12,4.79243
13.0,13,4.795105
17.0,17,4.798051
12.0,12,4.800261
13.0,13,4.802494
14.0,14,4.805126
16.0,16,4.807974
15.0,15,4.810296
12.0,12,4.812466
16.0,16,4.815319
14.0,14,4.818015
15.0,15,4.820798
15.0,15,4.823183
11.0,11,4.825291
11.0,11,4.827395
14.0,14,4.829648
12.0,12,4.831826
14.0,14,4.834519
14.0,14,4.836818
14.0,14,4.839524
11.0,11,4.841538
15.0,15,4.843932
15.0,15,4.846729
10.0,10,4.848714
15.0,15,4.851042
12.0,12,4.853135
12.0,12,4.855289
12.0,12,4.857435
12.0,12,4.85957
11.0,11,4.861678
12.0,12,4.863765
13.0,13,4.865975
16.0,16,4.868826
15.0,15,4.871522
13.0,13,4.873756
14.0,14,4.876443
17.0,17,4.879368
15.0,15,4.882135
17.0,17,4.885019
14.0,14,4.887632
14.0,14,4.889936
12.0,12,4.892097
15.0,15,4.894821
14.0,14,4.897122
14.0,14,4.899897
13.0,13,4.902155
16.0,16,4.905048
12.0,12,4.907208
15.0,15,4.910007
20.0,20,4.913519
18.0,18,4.916528
13.0,13,4.919126
17.0,17,4.922011
13.0,13,4.924177
12.0,12,4.926323
16.0,16,4.929199
12.0,12,4.931361
14.0,14,4.934089
12.0,12,4.940535
10.0,10,4.942182
13.0,13,4.944737
10.0,10,4.946993
13.0,13,4.949521
15.0,15,4.952678
12.0,12,4.954988
14.0,14,4.957381
11.0,11,4.959472
12.0,12,4.961763
14.0,14,4.964508
11.0,11,4.966208
16.0,16,4.969132
14.0,14,4.971834
10.0,10,4.9735
16.0,16,4.97638
14.0,14,4.979119
13.0,13,4.981351
13.0,13,4.983574
13.0,13,4.986879
11.0,11,4.988527
10.0,10,4.990635
10.0,10,4.992272
10.0,10,4.994321
10.0,10,4.995869
14.0,14,4.998599
14.0,14,5.000951
11.0,11,5.003092
13.0,13,5.005281
12.0,12,5.007436
14.0,14,5.0102
15.0,15,5.01296
15.0,15,5.015344
15.0,15,5.018131
13.0,13,5.020382
15.0,15,5.023087
17.0,17,5.026041
13.0,13,5.02867
15.0,15,5.031055
13.0,13,5.033604
13.0,13,5.035854
13.0,13,5.038079
15.0,15,5.04084
13.0,13,5.043017
13.0,13,5.045281
14.0,14,5.048001
15.0,15,5.050832
13.0,13,5.053038
15.0,15,5.055807
17.0,17,5.058762
17.0,17,5.061736
17.0,17,5.064685
13.0,13,5.067342
12.0,12,5.069452
14.0,14,5.071717
24.0,24,5.075888
12.0,12,5.078
11.0,11,5.080017
12.0,12,5.082186
10.0,10,5.083847
10.0,10,5.08591
12.0,12,5.088099
13.0,13,5.09031
11.0,11,5.092398
14.0,14,5.094698
12.0,12,5.096866
11.0,11,5.099028
11.0,11,5.101114
13.0,13,5.103312
12.0,12,5.105472
12.0,12,5.107637
10.0,10,5.109682
9.0,9,5.111229
11.0,11,5.113301
10.0,10,5.114926
10.0,10,5.116949
10.0,10,5.118538
11.0,11,5.120608
9.0,9,5.122151
11.0,11,5.12421
9.0,9,5.125713
10.0,10,5.127709
11.0,11,5.129331
10.0,10,5.131252
13.0,13,5.13352
10.0,10,5.135509
11.0,11,5.137173
13.0,13,5.139728
11.0,11,5.141385
14.0,14,5.144018
10.0,10,5.14563
11.0,11,5.147708
14.0,14,5.150392
10.0,10,5.151923
11.0,11,5.153976
14.0,14,5.15627
14.0,14,5.158977
16.0,16,5.161826
15.0,15,5.164633
17.0,17,5.167548
11.0,11,5.169652
13.0,13,5.171842
12.0,12,5.174042
16.0,16,5.176911
23.0,23,5.181041
17.0,17,5.183941
15.0,15,5.18673
15.0,15,5.189055
12.0,12,5.191177
14.0,14,5.193951
13.0,13,5.196222
10.0,10,5.198219
12.0,12,5.200338
12.0,12,5.202482
11.0,11,5.204164
9.0,9,5.206062
11.0,11,5.207665
13.0,13,5.210343
16.0,16,5.213198
10.0,10,5.214741
16.0,16,5.217591
17.0,17,5.2205
16.0,16,5.223274
23.0,23,5.227436
34.0,34,5.233494
27.0,27,5.237904
26.0,26,5.242783
28.0,28,5.247731
27.0,27,5.252565
44.0,44,5.260359
117.0,117,5.281093
69.0,69,5.293107
30.0,30,5.298566
22.0,22,5.314025
21.0,21,5.318405
18.0,18,5.346918
16.0,16,5.350381
16.0,16,5.353435
17.0,17,5.356505
19.0,19,5.36006
16.0,16,5.362989
15.0,15,5.365795
17.0,17,5.368878
18.0,18,5.371813
14.0,14,5.374512
16.0,16,5.37739
21.0,21,5.3811
24.0,24,5.385385
17.0,17,5.388411
14.0,14,5.391143
19.0,19,5.394694
19.0,19,5.397746
14.0,14,5.400497
18.0,18,5.403534
14.0,14,5.406277
16.0,16,5.409139
21.0,21,5.4128
15.0,15,5.415465
22.0,22,5.419274
32.0,32,5.424934
93.0,93,5.441594
31.0,31,5.446778
22.0,22,5.45091
18.0,18,5.453966
12.0,12,5.456159
16.0,16,5.458976
15.0,15,5.461814
15.0,15,5.464799
11.0,11,5.466925
10.0,10,5.468546
14.0,14,5.471234
12.0,12,5.473343
16.0,16,5.47617
12.0,12,5.478333
15.0,15,5.480689
16.0,16,5.483555
15.0,15,5.486348
16.0,16,5.489167
24.0,24,5.493407
30.0,30,5.498963
26.0,26,5.503413
23.0,23,5.507566
23.0,23,5.511805
20.0,20,5.515441
16.0,16,5.518289
16.0,16,5.521146
18.0,18,5.524193
23.0,23,5.528443
23.0,23,5.532644
15.0,15,5.535088
14.0,14,5.537845
17.0,17,5.540904
14.0,14,5.543664
15.0,15,5.546003
19.0,19,5.549527
16.0,16,5.552416
21.0,21,5.556018
17.0,17,5.559282
16.0,16,5.562172
19.0,19,5.565177
15.0,15,5.568004
16.0,16,5.57089
20.0,20,5.574506
35.0,35,5.580677
28.0,28,5.585704
69.0,69,5.597618
72.0,72,5.610441
34.0,34,5.61669
23.0,23,5.620588
20.0,20,5.624133
19.0,19,5.627601
16.0,16,5.630486
12.0,12,5.632642
13.0,13,5.634838
16.0,16,5.637637
13.0,13,5.640272
13.0,13,5.642461
16.0,16,5.645329
20.0,20,5.648907
17.0,17,5.651825
18.0,18,5.655233
24.0,24,5.659494
21.0,21,5.66311
17.0,17,5.665998
26.0,26,5.670798
19.0,19,5.673843
19.0,19,5.677358
17.0,17,5.68023
14.0,14,5.682974
22.0,22,5.686588
15.0,15,5.689392
13.0,13,5.691581
15.0,15,5.694324
17.0,17,5.702732
21.0,21,5.707154
17.0,17,5.710502
17.0,17,5.713666
13.0,13,5.71605
16.0,16,5.719176
12.0,12,5.72137
15.0,15,5.724091
14.0,14,5.726872
11.0,11,5.728597
14.0,14,5.731341
12.0,12,5.733519
16.0,16,5.736504
14.0,14,5.738753
19.0,19,5.742218
13.0,13,5.744475
12.0,12,5.747594
13.0,13,5.750313
17.0,17,5.753195
12.0,12,5.755299
17.0,17,5.759299
15.0,15,5.762724
16.0,16,5.765603
17.0,17,5.768615
17.0,17,5.771513
15.0,15,5.774345
14.0,14,5.777096
12.0,12,5.779198
17.0,17,5.782097
11.0,11,5.784968
11.0,11,5.786658
14.0,14,5.789339
10.0,10,5.790885
16.0,16,5.793774
15.0,15,5.796572
11.0,11,5.798642
17.0,17,5.801631
20.0,20,5.805185
15.0,15,5.808085
13.0,13,5.810586
17.0,17,5.813611
16.0,16,5.816363
12.0,12,5.818606
15.0,15,5.821359
12.0,12,5.823428
11.0,11,5.825489
13.0,13,5.827711
10.0,10,5.829675
15.0,15,5.832084
12.0,12,5.83421
13.0,13,5.836834
16.0,16,5.839699
16.0,16,5.842481
17.0,17,5.845425
14.0,14,5.847804
20.0,20,5.851568
21.0,21,5.855713
25.0,25,5.860099
29.0,29,5.865085
39.0,39,5.8721
36.0,36,5.879216
41.0,41,5.887394
21.0,21,5.891583
23.0,23,5.896282
19.0,19,5.899796
21.0,21,5.903533
25.0,25,5.908038
26.0,26,5.912994
23.0,23,5.917203
18.0,18,5.920285
32.0,32,5.926037
22.0,22,5.930184
24.0,24,5.934481
25.0,25,5.938816
21.0,21,5.942433
18.0,18,5.945809
28.0,28,5.950832
32.0,32,5.956523
32.0,32,5.962172
40.0,40,5.969159
29.0,29,5.974201
31.0,31,5.979737
26.0,26,5.98409
26.0,26,5.988849
18.0,18,5.991867
24.0,24,5.996239
17.0,17,5.999123
23.0,23,6.003263
20.0,20,6.00688
22.0,22,6.010956
12.0,12,6.013023
14.0,14,6.015229
17.0,17,6.018164
16.0,16,6.021027
16.0,16,6.023865
14.0,14,6.026559
12.0,12,6.028657
11.0,11,6.030848
14.0,14,6.03313
16.0,16,6.03599
15.0,15,6.038805
18.0,18,6.041935
18.0,18,6.045529
24.0,24,6.049756
17.0,17,6.052832
23.0,23,6.05756
17.0,17,6.06092
21.0,21,6.064994
23.0,23,6.080476
22.0,22,6.085606
18.0,18,6.089054
13.0,13,6.091471
10.0,10,6.093559
12.0,12,6.095805
12.0,12,6.09804
13.0,13,6.100492
14.0,14,6.103477
12.0,12,6.105747
15.0,15,6.108033
11.0,11,6.110179
15.0,15,6.113063
15.0,15,6.115852
12.0,12,6.118118
18.0,18,6.121147
13.0,13,6.123404
17.0,17,6.126877
17.0,17,6.129933
15.0,15,6.132809
13.0,13,6.135166
17.0,17,6.138181
18.0,18,6.141655
15.0,15,6.144096
15.0,15,6.146882
14.0,14,6.149657
15.0,15,6.152057
17.0,17,6.155425
17.0,17,6.158296
20.0,20,6.161872
15.0,15,6.164696
15.0,15,6.167123
17.0,17,6.170517
14.0,14,6.172858
18.0,18,6.176289
16.0,16,6.179121
18.0,18,6.182058
18.0,18,6.185539
15.0,15,6.187883
16.0,16,6.190725
15.0,15,6.193485
21.0,21,6.197172
22.0,22,6.201327
16.0,16,6.204228
15.0,15,6.207014
20.0,20,6.210548
18.0,18,6.213534
16.0,16,6.216476
17.0,17,6.219347
16.0,16,6.222111
22.0,22,6.226401
22.0,22,6.230147
21.0,21,6.234238
24.0,24,6.238476
17.0,17,6.241438
14.0,14,6.243702
19.0,19,6.247202
17.0,17,6.25017
13.0,13,6.252818
15.0,15,6.255198
18.0,18,6.258615
16.0,16,6.261457
18.0,18,6.264376
14.0,14,6.267123
23.0,23,6.271254
16.0,16,6.274236
21.0,21,6.277849
17.0,17,6.280798
18.0,18,6.284212
19.0,19,6.287333
17.0,17,6.290661
20.0,20,6.294191
22.0,22,6.29778
17.0,17,6.300718
18.0,18,6.304157
21.0,21,6.307765
19.0,19,6.311323
15.0,15,6.31452
21.0,21,6.318099
21.0,21,6.321627
24.0,24,6.325867
22.0,22,6.330002
27.0,27,6.334418
23.0,23,6.338635
23.0,23,6.342772
28.0,28,6.347766
23.0,23,6.351986
25.0,25,6.356363
28.0,28,6.361369
25.0,25,6.365755
27.0,27,6.370634
34.0,34,6.376438
31.0,31,6.382043
29.0,29,6.387498
24.0,24,6.39224
27.0,27,6.397598
27.0,27,6.402727
29.0,29,6.40791
21.0,21,6.411527
21.0,21,6.415703
22.0,22,6.419386
23.0,23,6.423691
22.0,22,6.427462
22.0,22,6.431635
20.0,20,6.43525
19.0,19,6.438776
19.0,19,6.441902
21.0,21,6.453792
22.0,22,6.458
18.0,18,6.462354
19.0,19,6.465551
18.0,18,6.469244
19.0,19,6.472789
20.0,20,6.47639
19.0,19,6.479625
27.0,27,6.485115
23.0,23,6.49041
26.0,26,6.495917
30.0,30,6.502685
23.0,23,6.507774
25.0,25,6.513169
23.0,23,6.518196
20.0,20,6.522263
23.0,23,6.526591
24.0,24,6.531548
27.0,27,6.537757
23.0,23,6.542917
19.0,19,6.546885
21.0,21,6.551211
20.0,20,6.555708
19.0,19,6.559743
23.0,23,6.564195
16.0,16,6.567542
15.0,15,6.570908
26.0,26,6.57652
23.0,23,6.58099
22.0,22,6.586073
22.0,22,6.591559
26.0,26,6.599772
30.0,30,6.606617
28.0,28,6.612845
24.0,24,6.617994
28.0,28,6.624203
22.0,22,6.629528
21.0,21,6.634106
28.0,28,6.640814
29.0,29,6.650446
23.0,23,6.655909
26.0,26,6.661874
24.0,24,6.666975
30.0,30,6.673257
19.0,19,6.679296
33.0,33,6.68999
24.0,24,6.699926
30.0,30,6.707634
26.0,26,6.714647
32.0,32,6.72507
35.0,35,6.733465
35.0,35,6.743234
19.0,19,6.748393
32.0,32,6.755915
25.0,25,6.761429
31.0,31,6.767405
40.0,40,6.777019
43.0,43,6.787342
31.0,31,6.797827
29.0,29,6.804392
28.0,28,6.810374
41.0,41,6.818896
45.0,45,6.82849
49.0,49,6.839979
37.0,37,6.847585
37.0,37,6.855948
22.0,22,6.861036
32.0,32,6.867922
32.0,32,6.874898
32.0,32,6.882948
26.0,26,6.888189
19.0,19,6.892457
25.0,25,6.897945
29.0,29,6.906083
26.0,26,6.911587
31.0,31,6.929312
22.0,22,6.934288
39.0,39,6.942956
26.0,26,6.949057
37.0,37,6.957566
22.0,22,6.961973
20.0,20,6.966194
27.0,27,6.973006
28.0,28,6.979188
28.0,28,6.986193
31.0,31,6.993161
27.0,27,6.999543
22.0,22,7.004282
24.0,24,7.00954
25.0,25,7.014629
30.0,30,7.022795
29.0,29,7.030243
29.0,29,7.03746
34.0,34,7.047333
25.0,25,7.053099
28.0,28,7.059761
27.0,27,7.06645
24.0,24,7.072788
30.0,30,7.084774
27.0,27,7.091276
23.0,23,7.096519
20.0,20,7.102297
25.0,25,7.112198
24.0,24,7.119736
32.0,32,7.13372
28.0,28,7.143682
24.0,24,7.14919
25.0,25,7.155338
29.0,29,7.162292
22.0,22,7.167756
41.0,41,7.176826
39.0,39,7.186091
46.0,46,7.198117
26.0,26,7.204401
27.0,27,7.212241
26.0,26,7.218074
25.0,25,7.224332
22.0,22,7.228783
18.0,18,7.233244
19.0,19,7.237262
21.0,21,7.242401
27.0,27,7.248191
27.0,27,7.254716
32.0,32,7.263396
45.0,45,7.274096
48.0,48,7.285226
28.0,28,7.291945
35.0,35,7.299708
39.0,39,7.308772
41.0,41,7.318673
39.0,39,7.3286
60.0,60,7.341637
68.0,68,7.357401
44.0,44,7.366065
55.0,55,7.377195
33.0,33,7.383451
33.0,33,7.389572
45.0,45,7.397753
99.0,99,7.433749
42.0,42,7.4425
46.0,46,7.450949
24.0,24,7.455371
22.0,22,7.459582
43.0,43,7.467153
34.0,34,7.473646
32.0,32,7.479356
45.0,45,7.487248
28.0,28,7.492227
28.0,28,7.49711
20.0,20,7.500717
24.0,24,7.50519
28.0,28,7.510268
30.0,30,7.515887
26.0,26,7.520279
30.0,30,7.525807
26.0,26,7.530234
24.0,24,7.534592
20.0,20,7.538157
26.0,26,7.543149
25.0,25,7.547436
31.0,31,7.553098
24.0,24,7.55737
29.0,29,7.562476
28.0,28,7.567658
27.0,27,7.572839
26.0,26,7.577485
28.0,28,7.582642
36.0,36,7.589105
32.0,32,7.594848
28.0,28,7.599999
34.0,34,7.606311
26.0,26,7.610742
30.0,30,7.616424
43.0,43,7.623755
39.0,39,7.631088
32.0,32,7.636858
43.0,43,7.644685
22.0,22,7.648381
37.0,37,7.655241
25.0,25,7.659637
23.0,23,7.663942
28.0,28,7.668955
28.0,28,7.673986
35.0,35,7.679946
41.0,41,7.687782
38.0,38,7.694278
32.0,32,7.7
28.0,28,7.705181
35.0,35,7.711623
29.0,29,7.716664
31.0,31,7.722259
29.0,29,7.727338
24.0,24,7.731553
27.0,27,7.736462
28.0,28,7.741444
24.0,24,7.74576
38.0,38,7.752294
24.0,24,7.756659
21.0,21,7.76074
24.0,24,7.765118
30.0,30,7.770434
34.0,34,7.776982
24.0,24,7.781441
27.0,27,7.786004
22.0,22,7.790138
34.0,34,7.806408
33.0,33,7.813026
32.0,32,7.819172
35.0,35,7.825459
26.0,26,7.830541
33.0,33,7.836757
44.0,44,7.844731
39.0,39,7.851989
58.0,58,7.862132
31.0,31,7.867894
29.0,29,7.872966
27.0,27,7.877832
42.0,42,7.885469
41.0,41,7.892665
33.0,33,7.898623
37.0,37,7.905119
27.0,27,7.910053
21.0,21,7.913668
24.0,24,7.917906
24.0,24,7.922113
32.0,32,7.927723
24.0,24,7.932011
17.0,17,7.935344
29.0,29,7.94046
18.0,18,7.943471
22.0,22,7.947651
21.0,21,7.951539
19.0,19,7.95507
25.0,25,7.95946
29.0,29,7.964613
22.0,22,7.968798
25.0,25,7.973226
28.0,28,7.978142
28.0,28,7.983192
29.0,29,7.988263
42.0,42,7.99582
44.0,44,8.003703
44.0,44,8.012144
34.0,34,8.018671
38.0,38,8.026345
36.0,36,8.033356
22.0,22,8.037676
40.0,40,8.045532
25.0,25,8.050455
27.0,27,8.05515
29.0,29,8.060822
42.0,42,8.068278
35.0,35,8.074672
47.0,47,8.083235
45.0,45,8.091118
40.0,40,8.098237
66.0,66,8.110515
37.0,37,8.117499
39.0,39,8.12422
40.0,40,8.131335
37.0,37,8.138325
28.0,28,8.143266
56.0,56,8.153166
46.0,46,8.161242
31.0,31,8.184898
30.0,30,8.191364
21.0,21,8.195922
21.0,21,8.199817
18.0,18,8.203218
15.0,15,8.206115
15.0,15,8.20904
25.0,25,8.213487
26.0,26,8.218516
42.0,42,8.225867
146.0,146,8.252344
128.0,128,8.275549
51.0,51,8.28493
51.0,51,8.294378
52.0,52,8.30371
109.0,109,8.322926
71.0,71,8.335879
58.0,58,8.346947
52.0,52,8.356296
101.0,101,8.374223
74.0,74,8.387053
88.0,88,8.402931
84.0,84,8.418109
76.0,76,8.431649
230.0,230,8.473577
173.0,173,8.504203
123.0,123,8.527023
136.0,136,8.584693
115.0,115,8.609215
64.0,64,8.622149
88.0,88,8.640098
78.0,78,8.656095
254.0,254,8.710481
59.0,59,8.722211
88.0,88,8.739542
192.0,192,8.779615
279.0,279,8.837558
295.0,295,8.899085
139.0,139,8.929522
127.0,127,8.956861
131.0,131,8.985191
143.0,143,9.06864
117.0,117,9.094368
318.0,318,9.164041
132.0,132,9.195905
165.0,165,9.227248
288.0,288,9.281128
140.0,140,9.306869
180.0,180,9.339738
104.0,104,9.358428
139.0,139,9.384778
247.0,247,9.429523
205.0,205,9.510771
260.0,260,9.55823
331.0,331,9.61739
244.0,244,9.66201
131.0,131,9.686009
163.0,163,9.715192
117.0,117,9.736255
109.0,109,9.755853
110.0,110,9.775776
201.0,201,9.811995
126.0,126,9.834553
166.0,166,9.92286
161.0,161,9.951826
233.0,233,9.996122
150.0,150,10.022711
151.0,151,10.050814
113.0,113,10.071033
148.0,148,10.097658
189.0,189,10.132374
235.0,235,10.174686
150.0,150,10.201681
161.0,161,10.230188
201.0,201,10.265889
90.0,90,10.323042
59.0,59,10.333817
124.0,124,10.357197
127.0,127,10.382069
280.0,280,10.438557
136.0,136,10.466749
213.0,213,10.511967
249.0,249,10.564906
336.0,336,10.63353
165.0,165,10.668184
293.0,293,10.794871
266.0,266,10.855332
287.0,287,10.917534
132.0,132,10.946536
365.0,365,11.017999
353.0,353,11.083623
170.0,170,11.114822
151.0,151,11.142594
189.0,189,11.177487
213.0,213,11.283975
139.0,139,11.309557
110.0,110,11.331459
171.0,171,11.370234
213.0,213,11.409855
152.0,152,11.438285
323.0,323,11.497531
131.0,131,11.521517
148.0,148,11.548455
173.0,173,11.580829
161.0,161,11.61013
175.0,175,11.695877
149.0,149,11.723948
153.0,153,11.751927
129.0,129,11.775296
215.0,215,11.8145
333.0,333,11.874654
160.0,160,11.904054
127.0,127,11.927382
149.0,149,11.953873
176.0,176,11.985512
135.0,135,12.009739
187.0,187,12.045744
180.0,180,12.140571
164.0,164,12.172214
201.0,201,12.208552
221.0,221,12.248685
281.0,281,12.300632
178.0,178,12.332925
285.0,285,12.384559
169.0,169,12.415297
145.0,145,12.441405
278.0,278,12.552977
223.0,223,12.600144
160.0,160,12.633114
128.0,128,12.686056
147.0,147,12.716952
147.0,147,12.748078
243.0,243,12.797231
141.0,141,12.827489
180.0,180,12.864984
203.0,203,12.909562
162.0,162,12.94519
135.0,135,12.974599
212.0,212,13.112515
144.0,144,13.144554
206.0,206,13.186599
183.0,183,13.221269
136.0,136,13.247096
141.0,141,13.27491
229.0,229,13.342981
343.0,343,13.406509
192.0,192,13.442103
168.0,168,13.473118
194.0,194,13.582399
146.0,146,13.61005
324.0,324,13.671992
169.0,169,13.704019
203.0,203,13.742369
194.0,194,13.779266
166.0,166,13.809532
180.0,180,13.842401
205.0,205,13.879668
461.0,461,14.041071
266.0,266,14.089565
234.0,234,14.131968
146.0,146,14.158027
354.0,354,14.225483
153.0,153,14.25411
376.0,376,14.324296
347.0,347,14.440074
207.0,207,14.479085
276.0,276,14.52971
222.0,222,14.570378
171.0,171,14.602658
228.0,228,14.648793
183.0,183,14.68524
210.0,210,14.729315
159.0,159,14.761756
209.0,209,14.806331
191.0,191,14.918308
241.0,241,14.972461
224.0,224,15.022199
211.0,211,15.069044
239.0,239,15.124619
164.0,164,15.160761
192.0,192,15.202581
219.0,219,15.244916
140.0,140,15.271606
195.0,195,15.307988
203.0,203,15.404068
145.0,145,15.431967
220.0,220,15.473191
136.0,136,15.498344
232.0,232,15.541417
154.0,154,15.569743
200.0,200,15.607387
133.0,133,15.632234
240.0,240,15.676296
188.0,188,15.710768
204.0,204,15.748132
149.0,149,15.831073
187.0,187,15.865724
194.0,194,15.901316
211.0,211,15.940612
217.0,217,15.980501
192.0,192,16.015838
294.0,294,16.069808
210.0,210,16.107941
202.0,202,16.145234
164.0,164,16.17503
172.0,172,16.26519
190.0,190,16.300747
192.0,192,16.335908
238.0,238,16.379518
205.0,205,16.417241
184.0,184,16.450666
184.0,184,16.484489
206.0,206,16.522118
176.0,176,16.554078
192.0,192,16.589588
160.0,160,16.691026
182.0,182,16.728871
145.0,145,16.758225
140.0,140,16.787921
177.0,177,16.824187
240.0,240,16.871886
158.0,158,16.912238
168.0,168,16.964424
160.0,160,16.998902
132.0,132,17.027302
184.0,184,17.069184
230.0,230,17.119984
165.0,165,17.223161
145.0,145,17.254237
154.0,154,17.283842
234.0,234,17.327923
153.0,153,17.356494
181.0,181,17.390245
147.0,147,17.417703
233.0,233,17.4606
203.0,203,17.498021
176.0,176,17.530517
161.0,161,17.560144
163.0,163,17.650553
246.0,246,17.696664
192.0,192,17.732154
198.0,198,17.768586
270.0,270,17.818788
200.0,200,17.855876
152.0,152,17.883954
164.0,164,17.91391
161.0,161,17.943256
160.0,160,17.972702
173.0,173,18.068521
128.0,128,18.093524
270.0,270,18.144196
211.0,211,18.182888
230.0,230,18.225555
171.0,171,18.257069
160.0,160,18.286675
148.0,148,18.313911
202.0,202,18.350459
351.0,351,18.416905
186.0,186,18.511645
209.0,209,18.551418
170.0,170,18.583241
206.0,206,18.621599
203.0,203,18.659081
180.0,180,18.693046
193.0,193,18.728727
176.0,176,18.760661
203.0,203,18.797892
166.0,166,18.828549
192.0,192,18.863614
266.0,266,18.978543
147.0,147,19.008381
166.0,166,19.041808
183.0,183,19.080138
180.0,180,19.116026
208.0,208,19.159512
207.0,207,19.20188
236.0,236,19.252026
166.0,166,19.28821
157.0,157,19.321433
202.0,202,19.461642
153.0,153,19.491927
139.0,139,19.517729
178.0,178,19.55122
170.0,170,19.582887
161.0,161,19.61329
269.0,269,19.662859
172.0,172,19.694869
261.0,261,19.743045
222.0,222,19.784428
167.0,167,19.814656
174.0,174,19.913689
167.0,167,19.945075
152.0,152,19.973356
177.0,177,20.00581
261.0,261,20.054277
197.0,197,20.090664
175.0,175,20.122813
249.0,249,20.168854
199.0,199,20.205759
190.0,190,20.240959
192.0,192,20.341599
173.0,173,20.373754
207.0,207,20.414067
220.0,220,20.455134
176.0,176,20.487741
277.0,277,20.538654
220.0,220,20.579369
183.0,183,20.613073
176.0,176,20.645243
235.0,235,20.687668
342.0,342,20.815748
205.0,205,20.858222
257.0,257,20.909727
175.0,175,20.945242
197.0,197,20.985046
155.0,155,21.016758
146.0,146,21.047481
167.0,167,21.083091
181.0,181,21.122633
179.0,179,21.161628
199.0,199,21.276651
227.0,227,21.327844
191.0,191,21.364302
205.0,205,21.402079
335.0,335,21.464428
209.0,209,21.502993
193.0,193,21.53863
206.0,206,21.57714
240.0,240,21.621323
