#{"t_start": 1788107624.554671, "env_id": "CartPole-v1"}
r,l,t
18.0,18,0.004119
16.0,16,0.004704
11.0,11,0.005045
14.0,14,0.005444
11.0,11,0.005805
15.0,15,0.00623
24.0,24,0.008703
26.0,26,0.01315
58.0,58,0.024904
16.0,16,0.027867
26.0,26,0.032595
16.0,16,0.035733
10.0,10,0.037947
12.0,12,0.040159
29.0,29,0.045434
27.0,27,0.050339
36.0,36,0.056984
22.0,22,0.060723
18.0,18,0.064418
18.0,18,0.067416
25.0,25,0.071961
12.0,12,0.074078
13.0,13,0.07696
31.0,31,0.081955
15.0,15,0.084974
11.0,11,0.08712
13.0,13,0.08951
21.0,21,0.093166
47.0,47,0.102001
18.0,18,0.105271
20.0,20,0.108917
20.0,20,0.113041
35.0,35,0.118867
19.0,19,0.122882
15.0,15,0.1258
15.0,15,0.12883
24.0,24,0.13345
22.0,22,0.136877
33.0,33,0.143128
18.0,18,0.146902
12.0,12,0.149252
16.0,16,0.152193
13.0,13,0.154425
35.0,35,0.160918
17.0,17,0.164071
27.0,27,0.169203
16.0,16,0.171888
42.0,42,0.179265
10.0,10,0.181435
18.0,18,0.184378
15.0,15,0.187384
18.0,18,0.190917
14.0,14,0.193302
12.0,12,0.19538
26.0,26,0.200205
19.0,19,0.20322
11.0,11,0.205184
12.0,12,0.207579
11.0,11,0.20975
26.0,26,0.213854
19.0,19,0.217349
19.0,19,0.220958
13.0,13,0.223188
19.0,19,0.226867
9.0,9,0.228682
16.0,16,0.231702
15.0,15,0.234546
15.0,15,0.237143
14.0,14,0.23922
16.0,16,0.242227
33.0,33,0.247823
15.0,15,0.250748
20.0,20,0.254502
25.0,25,0.25898
19.0,19,0.262434
14.0,14,0.265224
24.0,24,0.269903
14.0,14,0.272097
27.0,27,0.276871
20.0,20,0.280519
23.0,23,0.284993
26.0,26,0.289341
42.0,42,0.297026
17.0,17,0.300195
19.0,19,0.304025
14.0,14,0.306484
26.0,26,0.3113
12.0,12,0.31352
16.0,16,0.31648
21.0,21,0.320072
15.0,15,0.323118
16.0,16,0.326146
16.0,16,0.329051
23.0,23,0.333101
10.0,10,0.335298
21.0,21,0.339243
14.0,14,0.342105
26.0,26,0.346686
33.0,33,0.352849
15.0,15,0.355695
17.0,17,0.365268
16.0,16,0.368516
10.0,10,0.371303
30.0,30,0.376579
12.0,12,0.379006
54.0,54,0.389345
13.0,13,0.392164
12.0,12,0.394693
28.0,28,0.400533
23.0,23,0.404686
15.0,15,0.407491
36.0,36,0.414024
48.0,48,0.422745
12.0,12,0.425373
22.0,22,0.428744
14.0,14,0.431511
15.0,15,0.433875
17.0,17,0.437557
30.0,30,0.442775
12.0,12,0.44499
15.0,15,0.448024
11.0,11,0.450435
20.0,20,0.454133
16.0,16,0.457032
14.0,14,0.459499
11.0,11,0.461721
17.0,17,0.46463
22.0,22,0.468755
22.0,22,0.472583
10.0,10,0.475227
14.0,14,0.477552
22.0,22,0.481775
13.0,13,0.484265
15.0,15,0.487224
11.0,11,0.488781
11.0,11,0.490881
19.0,19,0.494807
22.0,22,0.498512
20.0,20,0.502416
13.0,13,0.505152
10.0,10,0.507123
14.0,14,0.510185
20.0,20,0.514023
12.0,12,0.51611
18.0,18,0.519031
23.0,23,0.523302
16.0,16,0.526421
20.0,20,0.530293
12.0,12,0.532648
16.0,16,0.536063
19.0,19,0.54007
18.0,18,0.543099
72.0,72,0.557135
12.0,12,0.559688
26.0,26,0.564634
17.0,17,0.567864
15.0,15,0.570853
15.0,15,0.57346
15.0,15,0.576582
9.0,9,0.578332
35.0,35,0.584628
20.0,20,0.58827
13.0,13,0.590729
13.0,13,0.593849
23.0,23,0.597756
13.0,13,0.600925
20.0,20,0.604629
71.0,71,0.617013
22.0,22,0.621637
12.0,12,0.624093
19.0,19,0.627867
16.0,16,0.631028
18.0,18,0.634327
31.0,31,0.640237
11.0,11,0.642771
16.0,16,0.646049
11.0,11,0.647875
20.0,20,0.651875
12.0,12,0.654004
16.0,16,0.657367
16.0,16,0.660653
31.0,31,0.666767
23.0,23,0.671308
20.0,20,0.675366
19.0,19,0.679546
21.0,21,0.683257
11.0,11,0.685723
20.0,20,0.689567
26.0,26,0.694757
10.0,10,0.696941
11.0,11,0.698479
18.0,18,0.702241
18.0,18,0.70538
22.0,22,0.7099
21.0,21,0.713994
17.0,17,0.717135
10.0,10,0.719439
21.0,21,0.723217
25.0,25,0.727827
15.0,15,0.73083
18.0,18,0.734634
9.0,9,0.736392
20.0,20,0.740495
13.0,13,0.742947
22.0,22,0.747588
14.0,14,0.759385
12.0,12,0.76215
12.0,12,0.764909
15.0,15,0.768738
17.0,17,0.771803
16.0,16,0.775143
12.0,12,0.777619
21.0,21,0.781878
13.0,13,0.784868
10.0,10,0.786906
15.0,15,0.790389
13.0,13,0.792751
13.0,13,0.795299
10.0,10,0.797819
24.0,24,0.802529
17.0,17,0.805541
11.0,11,0.807668
16.0,16,0.810856
14.0,14,0.813541
18.0,18,0.8173
13.0,13,0.819897
15.0,15,0.823159
12.0,12,0.825664
15.0,15,0.829129
21.0,21,0.832901
24.0,24,0.837381
15.0,15,0.840323
19.0,19,0.843476
15.0,15,0.846406
28.0,28,0.851762
18.0,18,0.855602
14.0,14,0.858047
13.0,13,0.860572
15.0,15,0.864008
12.0,12,0.866439
11.0,11,0.86877
19.0,19,0.872249
13.0,13,0.875007
15.0,15,0.87845
14.0,14,0.880819
10.0,10,0.883131
16.0,16,0.886287
11.0,11,0.888094
13.0,13,0.896734
15.0,15,0.899326
15.0,15,0.902761
14.0,14,0.90582
18.0,18,0.909154
12.0,12,0.911382
12.0,12,0.913737
13.0,13,0.915955
33.0,33,0.923227
16.0,16,0.926315
16.0,16,0.929539
12.0,12,0.932395
15.0,15,0.934872
14.0,14,0.938216
13.0,13,0.940775
11.0,11,0.943135
18.0,18,0.946323
11.0,11,0.948792
36.0,36,0.955615
19.0,19,0.959492
18.0,18,0.962592
14.0,14,0.965368
16.0,16,0.968802
11.0,11,0.970993
16.0,16,0.97446
18.0,18,0.977967
13.0,13,0.980563
12.0,12,0.983136
17.0,17,0.986821
13.0,13,0.989115
17.0,17,0.992713
14.0,14,0.995833
15.0,15,0.998965
10.0,10,1.001568
31.0,31,1.00785
13.0,13,1.010477
11.0,11,1.012975
14.0,14,1.015613
16.0,16,1.018944
16.0,16,1.022351
22.0,22,1.027017
19.0,19,1.030488
10.0,10,1.033197
9.0,9,1.035015
18.0,18,1.039021
13.0,13,1.041501
10.0,10,1.043168
10.0,10,1.045582
11.0,11,1.047923
11.0,11,1.049666
14.0,14,1.052876
12.0,12,1.055103
12.0,12,1.057461
12.0,12,1.060073
12.0,12,1.062686
18.0,18,1.065955
13.0,13,1.069286
11.0,11,1.071082
15.0,15,1.074484
17.0,17,1.077971
11.0,11,1.080245
10.0,10,1.082428
16.0,16,1.085793
9.0,9,1.087681
12.0,12,1.090223
17.0,17,1.093449
14.0,14,1.096723
21.0,21,1.100815
20.0,20,1.10479
13.0,13,1.107465
15.0,15,1.110485
13.0,13,1.113057
10.0,10,1.115453
15.0,15,1.118368
11.0,11,1.120978
11.0,11,1.123232
12.0,12,1.12569
12.0,12,1.128263
13.0,13,1.130663
13.0,13,1.133112
12.0,12,1.135657
9.0,9,1.137949
8.0,8,1.139611
11.0,11,1.14138
14.0,14,1.144687
14.0,14,1.147725
10.0,10,1.150227
9.0,9,1.152022
21.0,21,1.156053
9.0,9,1.15841
13.0,13,1.160998
20.0,20,1.165293
9.0,9,1.167314
17.0,17,1.170832
12.0,12,1.173491
12.0,12,1.180535
16.0,16,1.184302
12.0,12,1.18701
13.0,13,1.190342
15.0,15,1.193043
14.0,14,1.196609
12.0,12,1.199448
16.0,16,1.203039
14.0,14,1.205972
12.0,12,1.20863
12.0,12,1.211103
14.0,14,1.214467
19.0,19,1.218912
14.0,14,1.221635
10.0,10,1.224087
9.0,9,1.225926
13.0,13,1.228618
13.0,13,1.231478
11.0,11,1.234075
19.0,19,1.238189
16.0,16,1.24161
8.0,8,1.243431
14.0,14,1.24619
15.0,15,1.2497
12.0,12,1.252617
29.0,29,1.258623
11.0,11,1.261108
10.0,10,1.263337
12.0,12,1.266057
12.0,12,1.268815
10.0,10,1.270762
14.0,14,1.273983
8.0,8,1.2757
13.0,13,1.278408
17.0,17,1.281971
11.0,11,1.284557
15.0,15,1.287835
8.0,8,1.289595
8.0,8,1.291362
13.0,13,1.293953
11.0,11,1.296421
10.0,10,1.298211
17.0,17,1.30171
13.0,13,1.304764
12.0,12,1.307441
13.0,13,1.309925
10.0,10,1.311905
11.0,11,1.314398
10.0,10,1.31692
13.0,13,1.319759
9.0,9,1.321633
11.0,11,1.324283
10.0,10,1.3263
18.0,18,1.330228
13.0,13,1.332841
12.0,12,1.335255
14.0,14,1.338327
14.0,14,1.341112
12.0,12,1.343704
11.0,11,1.346332
12.0,12,1.349057
14.0,14,1.352047
15.0,15,1.355742
10.0,10,1.358384
11.0,11,1.360382
13.0,13,1.363518
12.0,12,1.366221
9.0,9,1.367958
16.0,16,1.371278
10.0,10,1.373409
11.0,11,1.375734
18.0,18,1.379772
14.0,14,1.382374
19.0,19,1.386796
12.0,12,1.389517
11.0,11,1.392022
8.0,8,1.393817
10.0,10,1.395867
9.0,9,1.397551
11.0,11,1.400139
12.0,12,1.402818
11.0,11,1.405247
16.0,16,1.408797
8.0,8,1.410477
10.0,10,1.412249
11.0,11,1.414755
12.0,12,1.417314
13.0,13,1.419708
9.0,9,1.422128
36.0,36,1.429631
10.0,10,1.431445
12.0,12,1.434208
10.0,10,1.436607
13.0,13,1.439604
11.0,11,1.442201
10.0,10,1.444167
12.0,12,1.44673
14.0,14,1.45025
11.0,11,1.452321
14.0,14,1.455553
12.0,12,1.458054
13.0,13,1.460966
9.0,9,1.462922
9.0,9,1.465347
9.0,9,1.46713
10.0,10,1.468992
10.0,10,1.471218
9.0,9,1.473136
11.0,11,1.475684
10.0,10,1.477324
19.0,19,1.481271
8.0,8,1.482873
16.0,16,1.486015
9.0,9,1.487877
10.0,10,1.490701
10.0,10,1.492662
10.0,10,1.495225
10.0,10,1.497523
9.0,9,1.500122
9.0,9,1.502284
12.0,12,1.505059
16.0,16,1.508355
9.0,9,1.510144
10.0,10,1.512507
10.0,10,1.514221
10.0,10,1.516536
19.0,19,1.520169
12.0,12,1.523011
12.0,12,1.525943
11.0,11,1.528821
9.0,9,1.530826
11.0,11,1.533361
9.0,9,1.535313
18.0,18,1.539362
11.0,11,1.541861
14.0,14,1.54494
13.0,13,1.547807
11.0,11,1.55052
9.0,9,1.552294
10.0,10,1.554623
12.0,12,1.557112
11.0,11,1.559813
12.0,12,1.562585
8.0,8,1.564583
11.0,11,1.566613
10.0,10,1.569416
9.0,9,1.57135
9.0,9,1.57312
9.0,9,1.575494
12.0,12,1.578299
12.0,12,1.580766
10.0,10,1.582761
11.0,11,1.585235
12.0,12,1.587899
10.0,10,1.5899
9.0,9,1.592264
10.0,10,1.594002
14.0,14,1.597151
12.0,12,1.599712
9.0,9,1.601288
9.0,9,1.603145
9.0,9,1.605038
10.0,10,1.607607
10.0,10,1.609559
10.0,10,1.612125
12.0,12,1.614797
11.0,11,1.621732
10.0,10,1.623733
9.0,9,1.625663
12.0,12,1.628475
9.0,9,1.631558
14.0,14,1.634439
9.0,9,1.636293
13.0,13,1.639774
10.0,10,1.642061
10.0,10,1.644862
11.0,11,1.647179
10.0,10,1.649962
9.0,9,1.652199
10.0,10,1.654745
8.0,8,1.656636
10.0,10,1.658885
12.0,12,1.66167
9.0,9,1.663805
11.0,11,1.666712
9.0,9,1.669002
9.0,9,1.67167
11.0,11,1.673674
11.0,11,1.676451
10.0,10,1.679269
10.0,10,1.681371
16.0,16,1.684721
10.0,10,1.687531
12.0,12,1.690079
16.0,16,1.693364
15.0,15,1.696248
12.0,12,1.698915
10.0,10,1.701471
11.0,11,1.704089
10.0,10,1.705952
11.0,11,1.708549
12.0,12,1.711203
9.0,9,1.712881
10.0,10,1.71541
10.0,10,1.717264
15.0,15,1.720493
12.0,12,1.723142
12.0,12,1.725784
12.0,12,1.728573
12.0,12,1.73143
11.0,11,1.734101
9.0,9,1.735965
11.0,11,1.738544
10.0,10,1.740616
10.0,10,1.74322
10.0,10,1.745271
11.0,11,1.747653
11.0,11,1.750174
12.0,12,1.752822
13.0,13,1.755338
10.0,10,1.757254
9.0,9,1.759694
11.0,11,1.76155
9.0,9,1.764191
10.0,10,1.766172
9.0,9,1.76838
10.0,10,1.770997
12.0,12,1.773595
13.0,13,1.776194
13.0,13,1.778952
11.0,11,1.781573
11.0,11,1.784389
9.0,9,1.78615
12.0,12,1.788738
10.0,10,1.791012
9.0,9,1.793012
8.0,8,1.7947
9.0,9,1.796518
10.0,10,1.799093
11.0,11,1.800979
9.0,9,1.803324
9.0,9,1.805322
12.0,12,1.808074
12.0,12,1.810674
9.0,9,1.812385
9.0,9,1.814142
10.0,10,1.816714
11.0,11,1.819426
13.0,13,1.822042
9.0,9,1.824043
9.0,9,1.82602
10.0,10,1.828682
10.0,10,1.830605
13.0,13,1.834265
11.0,11,1.836226
10.0,10,1.838727
12.0,12,1.841585
12.0,12,1.844128
10.0,10,1.845909
8.0,8,1.847762
9.0,9,1.850306
9.0,9,1.852326
12.0,12,1.855069
10.0,10,1.857206
10.0,10,1.859604
11.0,11,1.862226
9.0,9,1.864292
11.0,11,1.866979
10.0,10,1.868943
13.0,13,1.871832
8.0,8,1.87364
11.0,11,1.876337
11.0,11,1.878916
12.0,12,1.881689
11.0,11,1.884343
12.0,12,1.887016
10.0,10,1.8889
9.0,9,1.890846
12.0,12,1.893547
10.0,10,1.896127
9.0,9,1.898141
10.0,10,1.900734
15.0,15,1.903679
9.0,9,1.906108
8.0,8,1.907905
12.0,12,1.910511
11.0,11,1.912674
19.0,19,1.916951
8.0,8,1.918806
9.0,9,1.920845
10.0,10,1.923435
9.0,9,1.925463
10.0,10,1.927859
9.0,9,1.929798
11.0,11,1.932261
9.0,9,1.93426
9.0,9,1.936107
9.0,9,1.937916
11.0,11,1.940316
9.0,9,1.942333
10.0,10,1.944912
8.0,8,1.946822
9.0,9,1.94864
9.0,9,1.950437
9.0,9,1.952754
10.0,10,1.954654
11.0,11,1.957168
10.0,10,1.959132
9.0,9,1.961733
10.0,10,1.963606
9.0,9,1.965513
10.0,10,1.967894
10.0,10,1.969989
10.0,10,1.972639
11.0,11,1.975344
13.0,13,1.97816
10.0,10,1.980273
11.0,11,1.98296
9.0,9,1.985004
11.0,11,1.987578
12.0,12,1.990207
9.0,9,1.992052
8.0,8,1.99397
9.0,9,1.996481
12.0,12,1.999397
10.0,10,2.001713
9.0,9,2.003702
11.0,11,2.006432
8.0,8,2.008434
9.0,9,2.010382
11.0,11,2.013015
9.0,9,2.015147
9.0,9,2.017721
13.0,13,2.020441
9.0,9,2.022536
10.0,10,2.025046
11.0,11,2.027099
10.0,10,2.029663
10.0,10,2.031532
9.0,9,2.034017
9.0,9,2.036102
8.0,8,2.038012
10.0,10,2.04014
9.0,9,2.042643
10.0,10,2.044696
8.0,8,2.046465
10.0,10,2.049079
9.0,9,2.051134
9.0,9,2.053161
9.0,9,2.055172
10.0,10,2.057816
8.0,8,2.059667
9.0,9,2.06142
10.0,10,2.063954
11.0,11,2.066133
11.0,11,2.068652
10.0,10,2.071206
9.0,9,2.073167
9.0,9,2.075032
10.0,10,2.077497
9.0,9,2.086305
9.0,9,2.088367
10.0,10,2.091598
10.0,10,2.093832
10.0,10,2.096379
9.0,9,2.098303
10.0,10,2.100407
9.0,9,2.103307
10.0,10,2.105567
10.0,10,2.108148
10.0,10,2.110292
11.0,11,2.112839
8.0,8,2.114865
10.0,10,2.1171
9.0,9,2.119538
9.0,9,2.121452
10.0,10,2.123595
10.0,10,2.126147
10.0,10,2.128078
10.0,10,2.130486
12.0,12,2.133202
10.0,10,2.135206
10.0,10,2.137623
10.0,10,2.139513
9.0,9,2.141964
11.0,11,2.144122
9.0,9,2.146819
10.0,10,2.148913
10.0,10,2.151569
11.0,11,2.153839
8.0,8,2.155638
8.0,8,2.157585
9.0,9,2.15997
10.0,10,2.161993
9.0,9,2.164047
10.0,10,2.166709
9.0,9,2.168432
9.0,9,2.170308
9.0,9,2.172648
9.0,9,2.174589
12.0,12,2.177164
9.0,9,2.179032
10.0,10,2.181387
8.0,8,2.183165
9.0,9,2.185214
10.0,10,2.187189
10.0,10,2.189575
9.0,9,2.191593
10.0,10,2.194266
9.0,9,2.196187
9.0,9,2.198058
9.0,9,2.199882
9.0,9,2.202246
9.0,9,2.204094
9.0,9,2.206064
8.0,8,2.207874
8.0,8,2.209744
10.0,10,2.212174
9.0,9,2.214054
10.0,10,2.216185
9.0,9,2.218631
11.0,11,2.220812
10.0,10,2.223411
9.0,9,2.225542
10.0,10,2.228485
10.0,10,2.230488
8.0,8,2.232282
10.0,10,2.234767
9.0,9,2.236648
10.0,10,2.23869
9.0,9,2.241223
9.0,9,2.243225
9.0,9,2.245171
11.0,11,2.247895
10.0,10,2.249975
10.0,10,2.252797
12.0,12,2.255776
9.0,9,2.257848
11.0,11,2.26055
9.0,9,2.262526
10.0,10,2.26511
9.0,9,2.267095
9.0,9,2.268983
10.0,10,2.271424
9.0,9,2.273261
9.0,9,2.275262
9.0,9,2.277359
10.0,10,2.280157
10.0,10,2.282266
10.0,10,2.285115
9.0,9,2.287154
9.0,9,2.289027
10.0,10,2.291772
8.0,8,2.293546
9.0,9,2.295346
10.0,10,2.297858
10.0,10,2.299773
10.0,10,2.302326
9.0,9,2.304252
9.0,9,2.306283
10.0,10,2.308924
9.0,9,2.310814
10.0,10,2.312682
9.0,9,2.314984
9.0,9,2.316746
12.0,12,2.3193
9.0,9,2.321306
8.0,8,2.323064
10.0,10,2.325728
9.0,9,2.327833
10.0,10,2.329899
10.0,10,2.332515
9.0,9,2.334349
8.0,8,2.336335
9.0,9,2.338252
8.0,8,2.339965
10.0,10,2.342404
8.0,8,2.344127
10.0,10,2.346231
9.0,9,2.348869
10.0,10,2.350828
9.0,9,2.35269
8.0,8,2.354469
11.0,11,2.357362
10.0,10,2.360047
9.0,9,2.362084
9.0,9,2.363904
8.0,8,2.36564
10.0,10,2.368167
10.0,10,2.37011
9.0,9,2.372101
10.0,10,2.374671
11.0,11,2.377171
8.0,8,2.378964
9.0,9,2.38092
8.0,8,2.382747
8.0,8,2.384768
12.0,12,2.38744
9.0,9,2.389383
11.0,11,2.392195
11.0,11,2.394824
9.0,9,2.396916
9.0,9,2.398731
8.0,8,2.400409
12.0,12,2.402999
9.0,9,2.404829
11.0,11,2.407203
9.0,9,2.409007
9.0,9,2.411532
9.0,9,2.413393
12.0,12,2.416071
10.0,10,2.418014
8.0,8,2.419742
9.0,9,2.422446
9.0,9,2.424334
10.0,10,2.426201
8.0,8,2.428224
12.0,12,2.430927
9.0,9,2.433407
9.0,9,2.435222
10.0,10,2.437209
8.0,8,2.439047
9.0,9,2.441345
12.0,12,2.44421
8.0,8,2.446161
10.0,10,2.448332
9.0,9,2.45036
10.0,10,2.452961
11.0,11,2.455628
10.0,10,2.457669
10.0,10,2.460249
9.0,9,2.462094
8.0,8,2.463769
8.0,8,2.465509
10.0,10,2.467393
8.0,8,2.469332
10.0,10,2.471923
9.0,9,2.473743
9.0,9,2.475684
9.0,9,2.478291
9.0,9,2.480155
10.0,10,2.482053
8.0,8,2.483769
8.0,8,2.485462
9.0,9,2.487959
10.0,10,2.489957
11.0,11,2.492499
9.0,9,2.4943
11.0,11,2.496721
9.0,9,2.498629
10.0,10,2.50119
10.0,10,2.503104
11.0,11,2.505574
10.0,10,2.507408
10.0,10,2.510053
13.0,13,2.51294
10.0,10,2.515656
9.0,9,2.517675
9.0,9,2.51967
8.0,8,2.52155
9.0,9,2.523388
9.0,9,2.525738
10.0,10,2.527623
8.0,8,2.52934
10.0,10,2.531735
9.0,9,2.533702
10.0,10,2.535696
12.0,12,2.538693
9.0,9,2.541596
9.0,9,2.543792
9.0,9,2.550096
9.0,9,2.552274
10.0,10,2.55494
9.0,9,2.557393
10.0,10,2.560168
8.0,8,2.562326
11.0,11,2.564526
9.0,9,2.567224
10.0,10,2.569765
9.0,9,2.571962
10.0,10,2.57476
9.0,9,2.576803
10.0,10,2.579521
9.0,9,2.581748
10.0,10,2.583911
8.0,8,2.586129
9.0,9,2.588738
9.0,9,2.590932
11.0,11,2.593712
12.0,12,2.596547
8.0,8,2.59836
10.0,10,2.600253
8.0,8,2.602329
10.0,10,2.604979
10.0,10,2.607165
8.0,8,2.609234
12.0,12,2.612225
9.0,9,2.614339
10.0,10,2.616954
9.0,9,2.61875
12.0,12,2.621301
10.0,10,2.623747
8.0,8,2.625652
9.0,9,2.627761
8.0,8,2.629677
10.0,10,2.631863
9.0,9,2.634385
12.0,12,2.637334
10.0,10,2.639439
11.0,11,2.641972
9.0,9,2.643851
9.0,9,2.645937
9.0,9,2.648632
12.0,12,2.651542
10.0,10,2.653658
10.0,10,2.656378
10.0,10,2.658409
10.0,10,2.661196
9.0,9,2.663011
9.0,9,2.664823
10.0,10,2.667284
10.0,10,2.669365
10.0,10,2.671781
8.0,8,2.673478
8.0,8,2.675197
9.0,9,2.677102
11.0,11,2.679868
9.0,9,2.681678
8.0,8,2.683561
8.0,8,2.685451
10.0,10,2.68734
11.0,11,2.689953
10.0,10,2.692255
10.0,10,2.694502
10.0,10,2.697256
9.0,9,2.699205
10.0,10,2.701266
9.0,9,2.703745
9.0,9,2.705624
10.0,10,2.707596
10.0,10,2.710235
10.0,10,2.712486
10.0,10,2.715092
9.0,9,2.716923
10.0,10,2.719547
9.0,9,2.72148
10.0,10,2.7236
10.0,10,2.72617
10.0,10,2.728278
8.0,8,2.730185
10.0,10,2.732724
12.0,12,2.735451
10.0,10,2.737357
10.0,10,2.740061
9.0,9,2.74199
9.0,9,2.743836
8.0,8,2.745819
9.0,9,2.748476
9.0,9,2.750443
8.0,8,2.752227
9.0,9,2.754157
9.0,9,2.756056
10.0,10,2.758675
10.0,10,2.760505
10.0,10,2.76291
9.0,9,2.764765
10.0,10,2.767503
8.0,8,2.769271
10.0,10,2.7712
10.0,10,2.77372
10.0,10,2.775591
10.0,10,2.778027
8.0,8,2.779899
10.0,10,2.781803
8.0,8,2.783656
9.0,9,2.785504
11.0,11,2.78818
10.0,10,2.79064
9.0,9,2.79249
9.0,9,2.794416
9.0,9,2.796462
10.0,10,2.799235
8.0,8,2.801236
10.0,10,2.80326
9.0,9,2.805713
8.0,8,2.807613
10.0,10,2.809653
10.0,10,2.81206
10.0,10,2.814082
10.0,10,2.816549
8.0,8,2.818295
8.0,8,2.819972
10.0,10,2.821854
10.0,10,2.824243
9.0,9,2.826268
10.0,10,2.828218
9.0,9,2.831019
10.0,10,2.833144
9.0,9,2.835149
10.0,10,2.837894
9.0,9,2.839842
9.0,9,2.841805
9.0,9,2.844432
11.0,11,2.84662
8.0,8,2.848465
10.0,10,2.851283
10.0,10,2.853275
9.0,9,2.855573
8.0,8,2.857276
9.0,9,2.859142
10.0,10,2.86119
9.0,9,2.863629
11.0,11,2.865786
9.0,9,2.868318
10.0,10,2.870226
12.0,12,2.872757
9.0,9,2.874674
8.0,8,2.876552
10.0,10,2.879077
9.0,9,2.880821
10.0,10,2.883442
9.0,9,2.885577
12.0,12,2.888331
10.0,10,2.890381
9.0,9,2.892747
10.0,10,2.894705
11.0,11,2.897177
11.0,11,2.899619
10.0,10,2.901568
11.0,11,2.904173
11.0,11,2.906757
10.0,10,2.908844
10.0,10,2.911177
10.0,10,2.913096
12.0,12,2.915934
10.0,10,2.918309
10.0,10,2.920201
8.0,8,2.922145
9.0,9,2.924113
9.0,9,2.926563
11.0,11,2.928713
10.0,10,2.931206
9.0,9,2.933212
9.0,9,2.935004
11.0,11,2.937391
10.0,10,2.939784
9.0,9,2.941606
10.0,10,2.943653
9.0,9,2.946309
10.0,10,2.948276
10.0,10,2.950668
10.0,10,2.952804
8.0,8,2.954779
10.0,10,2.957372
9.0,9,2.959485
9.0,9,2.961619
8.0,8,2.963489
9.0,9,2.965535
11.0,11,2.968258
9.0,9,2.970102
9.0,9,2.972395
10.0,10,2.974387
10.0,10,2.977113
10.0,10,2.979146
8.0,8,2.980879
10.0,10,2.983492
11.0,11,2.985512
10.0,10,2.98825
10.0,10,2.990144
10.0,10,2.992807
10.0,10,2.994719
9.0,9,2.997201
11.0,11,2.999194
10.0,10,3.001814
11.0,11,3.00491
8.0,8,3.006831
10.0,10,3.009061
9.0,9,3.011107
10.0,10,3.013545
12.0,12,3.020144
9.0,9,3.022048
10.0,10,3.024822
11.0,11,3.02758
11.0,11,3.030579
8.0,8,3.032659
10.0,10,3.035349
9.0,9,3.03757
10.0,10,3.039798
9.0,9,3.04236
9.0,9,3.04427
10.0,10,3.046184
10.0,10,3.04874
10.0,10,3.050811
11.0,11,3.053426
9.0,9,3.05525
9.0,9,3.057677
8.0,8,3.059518
12.0,12,3.062397
9.0,9,3.064251
10.0,10,3.066093
11.0,11,3.068623
11.0,11,3.071469
9.0,9,3.073391
13.0,13,3.076184
9.0,9,3.078755
12.0,12,3.081509
9.0,9,3.083329
8.0,8,3.08511
14.0,14,3.087935
11.0,11,3.090709
9.0,9,3.092539
9.0,9,3.095052
9.0,9,3.097166
11.0,11,3.099937
11.0,11,3.102016
11.0,11,3.104763
11.0,11,3.107489
10.0,10,3.109457
10.0,10,3.112117
10.0,10,3.113989
11.0,11,3.116634
11.0,11,3.11916
10.0,10,3.121028
10.0,10,3.123628
10.0,10,3.125669
14.0,14,3.129055
14.0,14,3.132149
9.0,9,3.134482
10.0,10,3.136543
11.0,11,3.139338
9.0,9,3.141235
15.0,15,3.144865
11.0,11,3.147799
13.0,13,3.151032
9.0,9,3.153112
11.0,11,3.156047
13.0,13,3.158925
13.0,13,3.161722
12.0,12,3.164674
9.0,9,3.167239
10.0,10,3.169234
11.0,11,3.171887
11.0,11,3.174461
12.0,12,3.177095
12.0,12,3.179799
12.0,12,3.182685
10.0,10,3.18488
9.0,9,3.186739
11.0,11,3.189489
9.0,9,3.191502
10.0,10,3.194212
10.0,10,3.196347
11.0,11,3.19896
8.0,8,3.20089
8.0,8,3.202765
9.0,9,3.204756
10.0,10,3.207231
15.0,15,3.210691
9.0,9,3.212613
9.0,9,3.214593
12.0,12,3.217303
8.0,8,3.21939
9.0,9,3.221586
10.0,10,3.22435
9.0,9,3.22639
9.0,9,3.228314
9.0,9,3.230683
9.0,9,3.232624
11.0,11,3.235312
12.0,12,3.238231
14.0,14,3.240887
11.0,11,3.243585
9.0,9,3.245388
10.0,10,3.247817
11.0,11,3.250098
10.0,10,3.252875
10.0,10,3.254867
10.0,10,3.257408
11.0,11,3.260002
8.0,8,3.261882
9.0,9,3.263901
11.0,11,3.266621
10.0,10,3.268632
9.0,9,3.270642
11.0,11,3.273344
11.0,11,3.275834
9.0,9,3.277589
9.0,9,3.279528
13.0,13,3.283262
10.0,10,3.285435
8.0,8,3.287338
10.0,10,3.290073
10.0,10,3.292031
8.0,8,3.293772
9.0,9,3.295721
8.0,8,3.297455
10.0,10,3.299881
8.0,8,3.301672
10.0,10,3.303705
9.0,9,3.306131
9.0,9,3.308126
9.0,9,3.310236
9.0,9,3.312065
9.0,9,3.314613
10.0,10,3.31655
9.0,9,3.3185
9.0,9,3.320976
10.0,10,3.322855
12.0,12,3.325499
10.0,10,3.327913
9.0,9,3.329704
9.0,9,3.33171
9.0,9,3.333501
11.0,11,3.336219
9.0,9,3.338182
10.0,10,3.340569
10.0,10,3.342427
10.0,10,3.345138
10.0,10,3.347047
10.0,10,3.349441
8.0,8,3.351113
10.0,10,3.353272
11.0,11,3.356042
9.0,9,3.35782
14.0,14,3.360982
13.0,13,3.363608
10.0,10,3.366234
9.0,9,3.368169
8.0,8,3.369895
9.0,9,3.371725
9.0,9,3.373735
9.0,9,3.376298
10.0,10,3.378316
9.0,9,3.380175
9.0,9,3.382591
15.0,15,3.38531
10.0,10,3.387921
9.0,9,3.389836
8.0,8,3.391807
10.0,10,3.394397
10.0,10,3.396283
9.0,9,3.398135
11.0,11,3.400692
9.0,9,3.402476
10.0,10,3.405068
10.0,10,3.407263
9.0,9,3.410108
9.0,9,3.412212
11.0,11,3.415271
9.0,9,3.417432
10.0,10,3.419616
10.0,10,3.422227
10.0,10,3.424247
9.0,9,3.426926
10.0,10,3.429031
9.0,9,3.431088
11.0,11,3.433875
8.0,8,3.435699
11.0,11,3.438255
9.0,9,3.440064
10.0,10,3.442519
9.0,9,3.444397
10.0,10,3.446471
9.0,9,3.449229
8.0,8,3.45127
11.0,11,3.453534
11.0,11,3.456496
10.0,10,3.459195
10.0,10,3.461179
9.0,9,3.463047
9.0,9,3.465403
10.0,10,3.467287
13.0,13,3.469928
10.0,10,3.472609
9.0,9,3.474499
10.0,10,3.476888
10.0,10,3.478803
10.0,10,3.485206
9.0,9,3.487085
9.0,9,3.488891
9.0,9,3.490896
11.0,11,3.494252
10.0,10,3.496929
10.0,10,3.499143
15.0,15,3.503178
10.0,10,3.505368
10.0,10,3.507982
9.0,9,3.509797
8.0,8,3.51157
9.0,9,3.51374
10.0,10,3.516476
10.0,10,3.518698
10.0,10,3.521429
10.0,10,3.523385
10.0,10,3.525846
10.0,10,3.527791
10.0,10,3.530208
8.0,8,3.532014
8.0,8,3.533952
9.0,9,3.535878
9.0,9,3.537715
10.0,10,3.540337
9.0,9,3.542381
13.0,13,3.545511
9.0,9,3.54808
12.0,12,3.550877
9.0,9,3.552949
11.0,11,3.555585
10.0,10,3.557607
11.0,11,3.560226
9.0,9,3.562065
8.0,8,3.563808
10.0,10,3.56637
10.0,10,3.568524
11.0,11,3.571061
9.0,9,3.573019
10.0,10,3.575692
8.0,8,3.577609
10.0,10,3.579623
10.0,10,3.582218
9.0,9,3.584033
10.0,10,3.586136
9.0,9,3.588564
9.0,9,3.590587
10.0,10,3.592498
9.0,9,3.59485
11.0,11,3.59697
9.0,9,3.599491
8.0,8,3.601386
10.0,10,3.603381
10.0,10,3.605725
8.0,8,3.607594
9.0,9,3.6094
9.0,9,3.611258
9.0,9,3.613111
12.0,12,3.615844
12.0,12,3.618593
9.0,9,3.620935
9.0,9,3.622879
9.0,9,3.62489
11.0,11,3.627461
11.0,11,3.630249
11.0,11,3.632304
9.0,9,3.634995
10.0,10,3.636915
9.0,9,3.638772
10.0,10,3.641211
10.0,10,3.643154
8.0,8,3.64519
10.0,10,3.647938
9.0,9,3.649887
9.0,9,3.651802
9.0,9,3.654195
10.0,10,3.656172
13.0,13,3.658736
8.0,8,3.660485
8.0,8,3.662378
9.0,9,3.664994
10.0,10,3.666879
8.0,8,3.668691
10.0,10,3.671097
9.0,9,3.673185
10.0,10,3.67524
10.0,10,3.67758
10.0,10,3.679485
10.0,10,3.681928
9.0,9,3.683978
10.0,10,3.686613
8.0,8,3.688329
8.0,8,3.690252
10.0,10,3.692308
9.0,9,3.69417
9.0,9,3.696689
10.0,10,3.698795
9.0,9,3.700738
8.0,8,3.702611
8.0,8,3.704377
10.0,10,3.706925
13.0,13,3.709718
11.0,11,3.712227
11.0,11,3.714969
11.0,11,3.716992
10.0,10,3.719541
10.0,10,3.721621
11.0,11,3.724309
12.0,12,3.727174
10.0,10,3.729822
9.0,9,3.731719
10.0,10,3.733588
12.0,12,3.736367
9.0,9,3.738691
8.0,8,3.740587
9.0,9,3.742419
10.0,10,3.744568
10.0,10,3.747393
9.0,9,3.749323
10.0,10,3.751865
9.0,9,3.753768
10.0,10,3.755872
9.0,9,3.758117
11.0,11,3.760303
8.0,8,3.762205
9.0,9,3.764939
9.0,9,3.766918
9.0,9,3.768902
9.0,9,3.77097
11.0,11,3.77369
10.0,10,3.776319
10.0,10,3.778241
9.0,9,3.780314
9.0,9,3.782823
8.0,8,3.784736
12.0,12,3.787428
9.0,9,3.789241
9.0,9,3.791078
12.0,12,3.793631
9.0,9,3.795525
10.0,10,3.798144
8.0,8,3.800066
11.0,11,3.802575
11.0,11,3.804751
9.0,9,3.807133
10.0,10,3.809183
10.0,10,3.811813
8.0,8,3.813634
10.0,10,3.81577
10.0,10,3.81835
9.0,9,3.820292
9.0,9,3.822098
11.0,11,3.824795
10.0,10,3.826932
11.0,11,3.82949
9.0,9,3.831478
9.0,9,3.834046
9.0,9,3.836097
8.0,8,3.838039
8.0,8,3.839729
9.0,9,3.841757
10.0,10,3.844394
10.0,10,3.846314
10.0,10,3.848705
10.0,10,3.850808
9.0,9,3.852885
11.0,11,3.855545
9.0,9,3.857557
10.0,10,3.860082
11.0,11,3.8628
11.0,11,3.864724
11.0,11,3.867402
9.0,9,3.869338
8.0,8,3.871207
10.0,10,3.87372
10.0,10,3.875667
10.0,10,3.878509
9.0,9,3.880433
10.0,10,3.883148
9.0,9,3.88514
8.0,8,3.886963
9.0,9,3.888923
8.0,8,3.890862
9.0,9,3.892757
8.0,8,3.894513
9.0,9,3.897045
10.0,10,3.899025
9.0,9,3.901025
8.0,8,3.902926
8.0,8,3.904872
10.0,10,3.907555
9.0,9,3.909391
9.0,9,3.911401
10.0,10,3.91374
8.0,8,3.915516
10.0,10,3.917643
8.0,8,3.919561
10.0,10,3.92198
9.0,9,3.923954
9.0,9,3.92575
10.0,10,3.928353
9.0,9,3.930145
11.0,11,3.932453
9.0,9,3.934239
10.0,10,3.936901
11.0,11,3.938983
10.0,10,3.941602
10.0,10,3.943566
10.0,10,3.950042
9.0,9,3.951867
11.0,11,3.954439
10.0,10,3.956655
10.0,10,3.959781
10.0,10,3.961972
10.0,10,3.964739
9.0,9,3.96689
10.0,10,3.969761
9.0,9,3.971838
10.0,10,3.973981
9.0,9,3.976505
9.0,9,3.978636
9.0,9,3.980488
11.0,11,3.983189
9.0,9,3.985293
10.0,10,3.987884
9.0,9,3.989797
9.0,9,3.991717
9.0,9,3.99361
9.0,9,3.996322
10.0,10,3.998484
9.0,9,4.000858
11.0,11,4.003764
9.0,9,4.005737
10.0,10,4.00834
10.0,10,4.010545
10.0,10,4.013233
11.0,11,4.015998
10.0,10,4.018086
11.0,11,4.020761
8.0,8,4.022799
11.0,11,4.025347
9.0,9,4.027206
10.0,10,4.029063
10.0,10,4.031728
10.0,10,4.033657
9.0,9,4.036057
10.0,10,4.038063
10.0,10,4.040665
8.0,8,4.042432
10.0,10,4.044311
9.0,9,4.046127
9.0,9,4.048408
10.0,10,4.050453
10.0,10,4.053216
9.0,9,4.055027
8.0,8,4.056912
9.0,9,4.059081
8.0,8,4.06087
8.0,8,4.062612
9.0,9,4.064358
9.0,9,4.066803
9.0,9,4.068751
9.0,9,4.070779
10.0,10,4.073395
10.0,10,4.075287
11.0,11,4.077951
9.0,9,4.079891
9.0,9,4.081693
8.0,8,4.083462
12.0,12,4.086256
9.0,9,4.088833
8.0,8,4.090594
11.0,11,4.092586
9.0,9,4.095246
9.0,9,4.097154
8.0,8,4.098917
9.0,9,4.100914
9.0,9,4.102998
10.0,10,4.105821
9.0,9,4.107918
10.0,10,4.110675
10.0,10,4.112621
12.0,12,4.115157
8.0,8,4.116941
8.0,8,4.118772
10.0,10,4.121438
10.0,10,4.123438
8.0,8,4.125292
9.0,9,4.127192
8.0,8,4.128967
8.0,8,4.130868
10.0,10,4.133579
9.0,9,4.135507
9.0,9,4.137325
9.0,9,4.139814
10.0,10,4.141757
8.0,8,4.143778
9.0,9,4.145776
9.0,9,4.148279
8.0,8,4.150173
9.0,9,4.152075
12.0,12,4.15466
9.0,9,4.156512
10.0,10,4.158939
10.0,10,4.160876
9.0,9,4.162867
8.0,8,4.164626
10.0,10,4.167035
9.0,9,4.168987
12.0,12,4.171801
10.0,10,4.174222
11.0,11,4.176128
8.0,8,4.177905
12.0,12,4.180586
11.0,11,4.18317
10.0,10,4.185834
10.0,10,4.187765
10.0,10,4.190323
9.0,9,4.192094
11.0,11,4.194834
9.0,9,4.196887
10.0,10,4.198971
9.0,9,4.20122
10.0,10,4.203268
8.0,8,4.205237
9.0,9,4.207221
10.0,10,4.209795
10.0,10,4.211671
10.0,10,4.21427
9.0,9,4.216124
10.0,10,4.218702
9.0,9,4.220458
10.0,10,4.222498
11.0,11,4.225283
10.0,10,4.227804
9.0,9,4.22966
9.0,9,4.231761
10.0,10,4.234181
10.0,10,4.236271
11.0,11,4.238737
9.0,9,4.240612
9.0,9,4.242414
8.0,8,4.244356
11.0,11,4.247049
10.0,10,4.249531
10.0,10,4.251598
11.0,11,4.254171
10.0,10,4.256267
10.0,10,4.258889
10.0,10,4.260968
35.0,35,4.268751
22.0,22,4.274098
8.0,8,4.275861
9.0,9,4.277852
10.0,10,4.279776
10.0,10,4.28228
11.0,11,4.285178
9.0,9,4.287223
10.0,10,4.289157
9.0,9,4.291729
8.0,8,4.293689
12.0,12,4.296409
9.0,9,4.298243
10.0,10,4.300348
9.0,9,4.303023
10.0,10,4.304894
10.0,10,4.307275
10.0,10,4.309281
9.0,9,4.311292
10.0,10,4.31394
10.0,10,4.315852
10.0,10,4.318606
8.0,8,4.320582
10.0,10,4.32254
10.0,10,4.325082
10.0,10,4.327013
12.0,12,4.329817
10.0,10,4.33245
10.0,10,4.334331
8.0,8,4.336036
9.0,9,4.338342
8.0,8,4.340067
10.0,10,4.341953
10.0,10,4.34443
9.0,9,4.346443
10.0,10,4.348586
12.0,12,4.351449
8.0,8,4.353233
10.0,10,4.355832
9.0,9,4.35785
9.0,9,4.359661
9.0,9,4.362226
10.0,10,4.364364
8.0,8,4.366125
11.0,11,4.368827
9.0,9,4.370722
10.0,10,4.373533
10.0,10,4.375459
12.0,12,4.378129
9.0,9,4.380041
9.0,9,4.382424
9.0,9,4.384244
9.0,9,4.386158
10.0,10,4.388592
9.0,9,4.390405
9.0,9,4.392205
10.0,10,4.394712
9.0,9,4.396569
9.0,9,4.398503
9.0,9,4.400329
9.0,9,4.402589
10.0,10,4.404465
10.0,10,4.40705
9.0,9,4.40896
12.0,12,4.418562
9.0,9,4.420621
10.0,10,4.423671
10.0,10,4.425708
8.0,8,4.427711
10.0,10,4.430226
9.0,9,4.432049
11.0,11,4.434952
10.0,10,4.437194
10.0,10,4.439884
8.0,8,4.441912
9.0,9,4.443974
10.0,10,4.445894
10.0,10,4.448635
10.0,10,4.45083
9.0,9,4.453428
12.0,12,4.456249
10.0,10,4.458413
11.0,11,4.461078
10.0,10,4.463035
10.0,10,4.465675
11.0,11,4.468488
8.0,8,4.470441
10.0,10,4.472354
12.0,12,4.475171
9.0,9,4.477095
9.0,9,4.479673
10.0,10,4.481495
11.0,11,4.483959
11.0,11,4.486579
11.0,11,4.488849
10.0,10,4.491317
10.0,10,4.493479
9.0,9,4.496064
12.0,12,4.498631
10.0,10,4.500504
12.0,12,4.503092
9.0,9,4.504907
9.0,9,4.507256
11.0,11,4.509195
10.0,10,4.511877
10.0,10,4.51384
11.0,11,4.516417
11.0,11,4.519199
9.0,9,4.521182
9.0,9,4.523154
11.0,11,4.52591
11.0,11,4.528688
10.0,10,4.530714
11.0,11,4.533359
10.0,10,4.535993
10.0,10,4.538108
11.0,11,4.540802
9.0,9,4.542872
10.0,10,4.545485
10.0,10,4.547396
10.0,10,4.549828
12.0,12,4.552728
11.0,11,4.554795
10.0,10,4.557131
11.0,11,4.560179
10.0,10,4.562281
10.0,10,4.564823
12.0,12,4.567579
9.0,9,4.569432
9.0,9,4.571273
9.0,9,4.573208
9.0,9,4.575848
10.0,10,4.577863
9.0,9,4.579872
8.0,8,4.581825
9.0,9,4.584429
12.0,12,4.587211
10.0,10,4.589197
11.0,11,4.591972
9.0,9,4.594064
12.0,12,4.596783
10.0,10,4.599395
9.0,9,4.601444
9.0,9,4.603265
8.0,8,4.604985
10.0,10,4.607726
10.0,10,4.609774
10.0,10,4.612209
9.0,9,4.614124
11.0,11,4.616753
11.0,11,4.618766
8.0,8,4.620685
12.0,12,4.62363
10.0,10,4.626406
11.0,11,4.629354
9.0,9,4.631416
11.0,11,4.633985
10.0,10,4.635887
12.0,12,4.638693
9.0,9,4.640714
11.0,11,4.643457
8.0,8,4.645249
10.0,10,4.647713
9.0,9,4.64974
10.0,10,4.651756
11.0,11,4.654316
9.0,9,4.656097
11.0,11,4.658773
11.0,11,4.66132
9.0,9,4.663397
13.0,13,4.66621
12.0,12,4.668648
9.0,9,4.671224
11.0,11,4.673323
10.0,10,4.675971
11.0,11,4.678771
10.0,10,4.680731
12.0,12,4.6832
9.0,9,4.685077
11.0,11,4.687636
9.0,9,4.689609
9.0,9,4.692013
9.0,9,4.693821
9.0,9,4.695685
11.0,11,4.698281
9.0,9,4.700324
10.0,10,4.703111
9.0,9,4.704933
11.0,11,4.707271
10.0,10,4.709274
9.0,9,4.711098
11.0,11,4.713541
10.0,10,4.716044
11.0,11,4.718097
10.0,10,4.720878
10.0,10,4.722879
10.0,10,4.725302
13.0,13,4.727897
9.0,9,4.729749
11.0,11,4.732522
9.0,9,4.734287
10.0,10,4.736718
9.0,9,4.738769
11.0,11,4.741409
8.0,8,4.743332
10.0,10,4.745385
10.0,10,4.747984
12.0,12,4.750934
12.0,12,4.753686
11.0,11,4.756407
10.0,10,4.758313
12.0,12,4.761099
12.0,12,4.763959
14.0,14,4.767463
10.0,10,4.769504
9.0,9,4.771555
13.0,13,4.774864
11.0,11,4.777106
12.0,12,4.7799
9.0,9,4.782234
11.0,11,4.784364
9.0,9,4.786943
12.0,12,4.789928
9.0,9,4.791789
10.0,10,4.79362
11.0,11,4.796222
11.0,11,4.798817
10.0,10,4.80071
9.0,9,4.803037
10.0,10,4.804929
12.0,12,4.807675
12.0,12,4.810626
11.0,11,4.813581
11.0,11,4.816105
12.0,12,4.818945
9.0,9,4.820847
11.0,11,4.823581
10.0,10,4.825572
11.0,11,4.82828
11.0,11,4.831027
9.0,9,4.832865
11.0,11,4.835527
9.0,9,4.837451
13.0,13,4.840514
10.0,10,4.843208
9.0,9,4.8451
10.0,10,4.847266
9.0,9,4.849691
11.0,11,4.851674
13.0,13,4.854794
9.0,9,4.856956
11.0,11,4.859758
11.0,11,4.861943
10.0,10,4.864639
9.0,9,4.8666
13.0,13,4.869438
10.0,10,4.87188
12.0,12,4.874632
9.0,9,4.876685
16.0,16,4.884694
12.0,12,4.887312
14.0,14,4.891212
11.0,11,4.893447
13.0,13,4.896842
13.0,13,4.899577
11.0,11,4.90234
12.0,12,4.905455
9.0,9,4.90749
11.0,11,4.910056
12.0,12,4.912797
13.0,13,4.915738
15.0,15,4.919392
13.0,13,4.92222
19.0,19,4.926935
22.0,22,4.931669
14.0,14,4.93522
13.0,13,4.938005
11.0,11,4.940766
13.0,13,4.94378
12.0,12,4.94628
11.0,11,4.949001
12.0,12,4.951692
11.0,11,4.953892
10.0,10,4.956537
11.0,11,4.959173
13.0,13,4.962154
12.0,12,4.964941
12.0,12,4.967777
11.0,11,4.970211
9.0,9,4.972201
11.0,11,4.974725
11.0,11,4.976865
10.0,10,4.97931
9.0,9,4.981194
10.0,10,4.983927
9.0,9,4.985942
10.0,10,4.987889
10.0,10,4.990624
9.0,9,4.992666
11.0,11,4.995394
9.0,9,4.99733
12.0,12,5.000407
9.0,9,5.00273
9.0,9,5.005183
10.0,10,5.007304
9.0,9,5.009355
11.0,11,5.012052
10.0,10,5.01451
13.0,13,5.01743
10.0,10,5.019672
11.0,11,5.022478
12.0,12,5.025212
12.0,12,5.028121
10.0,10,5.030678
12.0,12,5.033425
11.0,11,5.035551
9.0,9,5.038087
9.0,9,5.039876
8.0,8,5.041829
10.0,10,5.04371
13.0,13,5.047192
10.0,10,5.049181
11.0,11,5.051841
11.0,11,5.054546
14.0,14,5.057486
11.0,11,5.060266
9.0,9,5.062128
11.0,11,5.064638
12.0,12,5.067552
10.0,10,5.069676
11.0,11,5.072452
12.0,12,5.075243
11.0,11,5.078058
9.0,9,5.080069
12.0,12,5.082787
11.0,11,5.085505
10.0,10,5.087397
10.0,10,5.089792
10.0,10,5.091917
10.0,10,5.094726
11.0,11,5.09728
10.0,10,5.09917
10.0,10,5.101735
10.0,10,5.103837
15.0,15,5.107322
11.0,11,5.110012
10.0,10,5.112114
10.0,10,5.11462
12.0,12,5.117505
11.0,11,5.119485
10.0,10,5.122228
14.0,14,5.12531
14.0,14,5.128495
15.0,15,5.131997
13.0,13,5.134818
13.0,13,5.137713
16.0,16,5.141502
12.0,12,5.144504
13.0,13,5.147205
13.0,13,5.150386
17.0,17,5.154265
14.0,14,5.15731
12.0,12,5.160061
13.0,13,5.163259
17.0,17,5.166778
12.0,12,5.16938
13.0,13,5.172257
14.0,14,5.17585
16.0,16,5.179646
15.0,15,5.182701
12.0,12,5.185525
16.0,16,5.188966
14.0,14,5.192444
15.0,15,5.196227
15.0,15,5.199299
11.0,11,5.201929
11.0,11,5.204659
14.0,14,5.207651
12.0,12,5.21021
14.0,14,5.2136
14.0,14,5.2164
14.0,14,5.219676
11.0,11,5.222333
15.0,15,5.225344
15.0,15,5.228738
10.0,10,5.231314
15.0,15,5.234318
12.0,12,5.236872
12.0,12,5.239702
12.0,12,5.242574
12.0,12,5.245517
11.0,11,5.248353
12.0,12,5.251024
13.0,13,5.25413
16.0,16,5.25782
15.0,15,5.261345
13.0,13,5.264123
14.0,14,5.267711
17.0,17,5.271419
15.0,15,5.274782
17.0,17,5.278704
14.0,14,5.282129
14.0,14,5.285241
12.0,12,5.288083
15.0,15,5.291345
14.0,14,5.294503
14.0,14,5.297931
13.0,13,5.300896
16.0,16,5.304352
12.0,12,5.306982
15.0,15,5.310721
20.0,20,5.315165
18.0,18,5.319005
13.0,13,5.322376
17.0,17,5.326118
13.0,13,5.32897
12.0,12,5.331744
16.0,16,5.335341
12.0,12,5.33829
14.0,14,5.341723
12.0,12,5.349217
10.0,10,5.351149
13.0,13,5.353973
10.0,10,5.356771
13.0,13,5.359979
15.0,15,5.363489
12.0,12,5.366194
14.0,14,5.369308
11.0,11,5.372063
12.0,12,5.374938
14.0,14,5.378285
11.0,11,5.380603
16.0,16,5.38433
14.0,14,5.387995
10.0,10,5.390202
16.0,16,5.393796
14.0,14,5.397215
13.0,13,5.400238
13.0,13,5.403134
13.0,13,5.406462
11.0,11,5.408549
10.0,10,5.411237
10.0,10,5.413334
10.0,10,5.415811
10.0,10,5.417806
14.0,14,5.421298
14.0,14,5.424409
11.0,11,5.427076
13.0,13,5.429789
12.0,12,5.432535
14.0,14,5.435954
15.0,15,5.439661
15.0,15,5.442915
15.0,15,5.446542
13.0,13,5.449511
15.0,15,5.452754
17.0,17,5.456275
13.0,13,5.459671
15.0,15,5.462739
13.0,13,5.466303
13.0,13,5.469191
13.0,13,5.4722
15.0,15,5.47555
13.0,13,5.478364
13.0,13,5.481342
14.0,14,5.484585
15.0,15,5.488392
13.0,13,5.491175
15.0,15,5.494942
17.0,17,5.498634
17.0,17,5.502476
17.0,17,5.50643
13.0,13,5.510014
12.0,12,5.51261
14.0,14,5.515522
24.0,24,5.521136
12.0,12,5.523886
11.0,11,5.526401
12.0,12,5.529094
10.0,10,5.531038
10.0,10,5.533487
12.0,12,5.536312
13.0,13,5.539041
11.0,11,5.541686
14.0,14,5.544745
12.0,12,5.5475
11.0,11,5.550375
11.0,11,5.553142
13.0,13,5.555793
12.0,12,5.558338
12.0,12,5.561042
10.0,10,5.563533
9.0,9,5.565425
11.0,11,5.568175
10.0,10,5.570361
10.0,10,5.573044
10.0,10,5.575171
11.0,11,5.57766
9.0,9,5.579491
11.0,11,5.581894
9.0,9,5.58389
10.0,10,5.586352
11.0,11,5.588587
10.0,10,5.591182
13.0,13,5.594169
10.0,10,5.596605
11.0,11,5.598833
13.0,13,5.602095
11.0,11,5.604277
14.0,14,5.607793
10.0,10,5.609742
11.0,11,5.612268
14.0,14,5.615741
10.0,10,5.617819
11.0,11,5.620457
14.0,14,5.623466
14.0,14,5.627071
16.0,16,5.630651
15.0,15,5.634481
17.0,17,5.638181
11.0,11,5.640952
13.0,13,5.643686
12.0,12,5.646371
16.0,16,5.650159
23.0,23,5.655759
17.0,17,5.659335
15.0,15,5.662804
15.0,15,5.665568
12.0,12,5.668073
14.0,14,5.671536
13.0,13,5.674223
10.0,10,5.676805
12.0,12,5.679605
12.0,12,5.682613
11.0,11,5.684712
9.0,9,5.6871
11.0,11,5.689057
13.0,13,5.692177
16.0,16,5.695927
10.0,10,5.698019
16.0,16,5.701462
17.0,17,5.705164
16.0,16,5.709014
23.0,23,5.714209
34.0,34,5.722397
27.0,27,5.727815
26.0,26,5.733982
28.0,28,5.740461
27.0,27,5.746869
44.0,44,5.756986
117.0,117,5.784054
69.0,69,5.800164
30.0,30,5.807304
22.0,22,5.824913
21.0,21,5.829838
18.0,18,5.834313
16.0,16,5.838567
16.0,16,5.842375
17.0,17,5.84606
19.0,19,5.850572
16.0,16,5.854489
15.0,15,5.858152
17.0,17,5.861931
18.0,18,5.865762
14.0,14,5.869193
16.0,16,5.872802
21.0,21,5.877222
24.0,24,5.882672
17.0,17,5.886745
14.0,14,5.890193
19.0,19,5.894802
19.0,19,5.898657
14.0,14,5.902285
18.0,18,5.906148
14.0,14,5.909777
16.0,16,5.913446
21.0,21,5.91828
15.0,15,5.921902
22.0,22,5.926405
32.0,32,5.933863
93.0,93,5.954804
31.0,31,5.961229
22.0,22,5.966868
18.0,18,5.970651
12.0,12,5.973345
16.0,16,5.976922
15.0,15,5.980666
15.0,15,5.984616
11.0,11,5.98758
10.0,10,5.989695
14.0,14,5.993269
12.0,12,5.995976
16.0,16,5.999687
12.0,12,6.002747
15.0,15,6.006239
16.0,16,6.010043
15.0,15,6.013826
16.0,16,6.017691
24.0,24,6.023165
30.0,30,6.03054
26.0,26,6.036115
23.0,23,6.041663
23.0,23,6.047183
20.0,20,6.051743
16.0,16,6.055331
16.0,16,6.05915
18.0,18,6.063119
23.0,23,6.068822
23.0,23,6.074291
15.0,15,6.077445
14.0,14,6.080754
17.0,17,6.084231
14.0,14,6.087682
15.0,15,6.090503
19.0,19,6.094926
16.0,16,6.098495
21.0,21,6.102944
17.0,17,6.107364
16.0,16,6.110803
19.0,19,6.114634
15.0,15,6.1181
16.0,16,6.121796
20.0,20,6.126287
35.0,35,6.133731
28.0,28,6.139836
69.0,69,6.155216
72.0,72,6.171599
34.0,34,6.179682
23.0,23,6.184443
20.0,20,6.188803
19.0,19,6.193012
16.0,16,6.196533
12.0,12,6.199326
13.0,13,6.202141
16.0,16,6.205508
13.0,13,6.208782
13.0,13,6.21146
16.0,16,6.215219
20.0,20,6.219718
17.0,17,6.223463
18.0,18,6.227963
24.0,24,6.23337
21.0,21,6.237916
17.0,17,6.241692
26.0,26,6.247787
19.0,19,6.251726
19.0,19,6.256286
17.0,17,6.25987
14.0,14,6.263128
22.0,22,6.267616
15.0,15,6.271353
13.0,13,6.274115
15.0,15,6.277721
17.0,17,6.287567
21.0,21,6.292883
17.0,17,6.296718
17.0,17,6.326752
13.0,13,6.33643
16.0,16,6.340581
12.0,12,6.34385
15.0,15,6.347622
14.0,14,6.351466
11.0,11,6.353684
14.0,14,6.357439
12.0,12,6.363604
16.0,16,6.36738
14.0,14,6.370654
19.0,19,6.375281
13.0,13,6.378051
12.0,12,6.380962
13.0,13,6.384467
17.0,17,6.388272
12.0,12,6.391179
17.0,17,6.394913
15.0,15,6.398601
16.0,16,6.402343
17.0,17,6.406238
17.0,17,6.410251
15.0,15,6.41381
14.0,14,6.417373
12.0,12,6.420355
17.0,17,6.424348
11.0,11,6.427235
11.0,11,6.42953
14.0,14,6.433238
10.0,10,6.435264
16.0,16,6.438914
15.0,15,6.442633
11.0,11,6.44531
17.0,17,6.449129
20.0,20,6.453775
15.0,15,6.457255
13.0,13,6.459929
17.0,17,6.463546
16.0,16,6.466862
12.0,12,6.469536
15.0,15,6.473035
12.0,12,6.47594
11.0,11,6.478454
13.0,13,6.481211
10.0,10,6.483603
15.0,15,6.486965
12.0,12,6.489624
13.0,13,6.492771
16.0,16,6.496495
16.0,16,6.500065
17.0,17,6.503597
14.0,14,6.506453
20.0,20,6.510958
21.0,21,6.515996
25.0,25,6.521401
29.0,29,6.527838
39.0,39,6.537056
36.0,36,6.545149
41.0,41,6.55439
21.0,21,6.558956
23.0,23,6.564319
19.0,19,6.568522
21.0,21,6.573135
25.0,25,6.578611
26.0,26,6.58496
23.0,23,6.590196
18.0,18,6.594092
32.0,32,6.600873
22.0,22,6.606257
24.0,24,6.611963
25.0,25,6.617091
21.0,21,6.621881
18.0,18,6.626098
28.0,28,6.632535
32.0,32,6.639859
32.0,32,6.64691
40.0,40,6.656013
29.0,29,6.662302
31.0,31,6.669609
26.0,26,6.675271
26.0,26,6.681359
18.0,18,6.685397
24.0,24,6.691162
17.0,17,6.694943
23.0,23,6.700533
20.0,20,6.705071
22.0,22,6.710366
12.0,12,6.712908
14.0,14,6.715506
17.0,17,6.719085
16.0,16,6.722719
16.0,16,6.726424
14.0,14,6.729846
12.0,12,6.73259
11.0,11,6.735407
14.0,14,6.738358
16.0,16,6.741712
15.0,15,6.74523
18.0,18,6.749276
18.0,18,6.753346
24.0,24,6.758513
17.0,17,6.762291
23.0,23,6.76765
17.0,17,6.771124
21.0,21,6.775766
23.0,23,6.792966
22.0,22,6.798364
18.0,18,6.802408
13.0,13,6.805451
10.0,10,6.80808
12.0,12,6.810986
12.0,12,6.813991
13.0,13,6.816954
14.0,14,6.820762
12.0,12,6.823697
15.0,15,6.826457
11.0,11,6.82896
15.0,15,6.832222
15.0,15,6.835782
12.0,12,6.838408
18.0,18,6.842204
13.0,13,6.845226
17.0,17,6.849429
17.0,17,6.853232
15.0,15,6.857001
13.0,13,6.859956
17.0,17,6.863906
18.0,18,6.86847
15.0,15,6.87134
15.0,15,6.874637
14.0,14,6.87812
15.0,15,6.88121
17.0,17,6.885434
17.0,17,6.889151
20.0,20,6.893841
15.0,15,6.897641
15.0,15,6.90064
17.0,17,6.905038
14.0,14,6.90805
18.0,18,6.912699
16.0,16,6.916386
18.0,18,6.920264
18.0,18,6.924843
15.0,15,6.927891
16.0,16,6.931821
15.0,15,6.935226
21.0,21,6.939902
22.0,22,6.945258
16.0,16,6.949125
15.0,15,6.9527
20.0,20,6.957428
18.0,18,6.961137
16.0,16,6.964774
17.0,17,6.968467
16.0,16,6.971915
22.0,22,6.977182
22.0,22,6.981782
21.0,21,6.987051
24.0,24,6.992903
17.0,17,6.996524
14.0,14,6.99941
19.0,19,7.004151
17.0,17,7.007942
13.0,13,7.01143
15.0,15,7.014699
18.0,18,7.019247
16.0,16,7.022861
18.0,18,7.026738
14.0,14,7.030003
23.0,23,7.035069
16.0,16,7.03882
21.0,21,7.043198
17.0,17,7.046929
18.0,18,7.051299
19.0,19,7.055358
17.0,17,7.059737
20.0,20,7.06423
22.0,22,7.068919
17.0,17,7.072408
18.0,18,7.076768
21.0,21,7.081471
19.0,19,7.086054
15.0,15,7.089571
21.0,21,7.094037
21.0,21,7.098223
24.0,24,7.103507
22.0,22,7.108541
27.0,27,7.113804
23.0,23,7.119382
23.0,23,7.124677
28.0,28,7.130806
23.0,23,7.136263
25.0,25,7.14181
28.0,28,7.148447
25.0,25,7.154369
27.0,27,7.160593
34.0,34,7.167947
31.0,31,7.175321
29.0,29,7.181936
24.0,24,7.187334
27.0,27,7.193454
27.0,27,7.199965
29.0,29,7.206425
21.0,21,7.211075
21.0,21,7.216426
22.0,22,7.221171
23.0,23,7.226788
22.0,22,7.231668
22.0,22,7.236965
20.0,20,7.241498
19.0,19,7.246074
19.0,19,7.24995
21.0,21,7.263422
22.0,22,7.268789
18.0,18,7.273783
19.0,19,7.277838
18.0,18,7.281995
19.0,19,7.287015
20.0,20,7.291696
19.0,19,7.295496
27.0,27,7.301661
23.0,23,7.306883
26.0,26,7.312416
30.0,30,7.319759
23.0,23,7.325269
25.0,25,7.330775
23.0,23,7.336611
20.0,20,7.341397
23.0,23,7.346331
24.0,24,7.352065
27.0,27,7.358175
23.0,23,7.363187
19.0,19,7.36767
21.0,21,7.372541
20.0,20,7.377226
19.0,19,7.381714
23.0,23,7.386638
16.0,16,7.390222
15.0,15,7.393773
26.0,26,7.399836
23.0,23,7.405135
22.0,22,7.410671
22.0,22,7.415161
26.0,26,7.421344
30.0,30,7.427946
28.0,28,7.434282
24.0,24,7.439843
28.0,28,7.446218
22.0,22,7.451206
21.0,21,7.455867
28.0,28,7.462481
29.0,29,7.469067
23.0,23,7.474205
26.0,26,7.47981
24.0,24,7.485503
30.0,30,7.491934
19.0,19,7.496701
33.0,33,7.503778
24.0,24,7.508759
30.0,30,7.515784
26.0,26,7.520847
32.0,32,7.528047
35.0,35,7.536079
35.0,35,7.544941
19.0,19,7.54927
32.0,32,7.55698
25.0,25,7.563185
31.0,31,7.570441
40.0,40,7.580009
43.0,43,7.590278
31.0,31,7.597881
29.0,29,7.604408
28.0,28,7.610874
41.0,41,7.620251
45.0,45,7.630686
49.0,49,7.641526
37.0,37,7.649728
37.0,37,7.658
22.0,22,7.663228
32.0,32,7.669956
32.0,32,7.677318
32.0,32,7.684452
26.0,26,7.690145
19.0,19,7.694714
25.0,25,7.700233
29.0,29,7.706843
26.0,26,7.712506
31.0,31,7.728843
22.0,22,7.733621
39.0,39,7.743541
26.0,26,7.74997
37.0,37,7.758721
22.0,22,7.763869
20.0,20,7.768805
27.0,27,7.775018
28.0,28,7.781478
28.0,28,7.787979
31.0,31,7.794866
27.0,27,7.801255
22.0,22,7.806114
24.0,24,7.811567
25.0,25,7.817309
30.0,30,7.824662
29.0,29,7.830959
29.0,29,7.837304
34.0,34,7.845462
25.0,25,7.851217
28.0,28,7.857699
27.0,27,7.86411
24.0,24,7.869452
30.0,30,7.876528
27.0,27,7.882754
23.0,23,7.888095
20.0,20,7.892746
25.0,25,7.898463
24.0,24,7.903668
32.0,32,7.911124
28.0,28,7.917384
24.0,24,7.922899
25.0,25,7.92825
29.0,29,7.93537
22.0,22,7.939997
41.0,41,7.94903
39.0,39,7.957665
46.0,46,7.968092
26.0,26,7.973882
27.0,27,7.979921
26.0,26,7.985696
25.0,25,7.991861
22.0,22,7.996472
18.0,18,8.000624
19.0,19,8.004641
21.0,21,8.009892
27.0,27,8.015318
27.0,27,8.021458
32.0,32,8.028692
45.0,45,8.038406
48.0,48,8.049281
28.0,28,8.055884
35.0,35,8.064039
39.0,39,8.073413
41.0,41,8.08217
39.0,39,8.091459
60.0,60,8.104153
68.0,68,8.119836
44.0,44,8.130156
55.0,55,8.142603
33.0,33,8.149859
33.0,33,8.157223
45.0,45,8.167065
99.0,99,8.20913
42.0,42,8.219779
46.0,46,8.229828
24.0,24,8.235275
22.0,22,8.240485
43.0,43,8.250077
34.0,34,8.258314
32.0,32,8.265835
45.0,45,8.275607
28.0,28,8.282063
28.0,28,8.288316
20.0,20,8.29281
24.0,24,8.298316
28.0,28,8.30458
30.0,30,8.3116
26.0,26,8.316891
30.0,30,8.323873
26.0,26,8.329589
24.0,24,8.335118
20.0,20,8.339481
26.0,26,8.34623
25.0,25,8.351642
31.0,31,8.358612
24.0,24,8.364114
29.0,29,8.370455
28.0,28,8.376683
27.0,27,8.382808
26.0,26,8.388644
28.0,28,8.395178
36.0,36,8.403219
32.0,32,8.410251
28.0,28,8.416342
34.0,34,8.424136
26.0,26,8.429414
30.0,30,8.436319
43.0,43,8.445611
39.0,39,8.454469
32.0,32,8.461738
43.0,43,8.471433
22.0,22,8.476242
37.0,37,8.484579
25.0,25,8.489861
23.0,23,8.494813
28.0,28,8.50128
28.0,28,8.50757
35.0,35,8.514956
41.0,41,8.524591
38.0,38,8.532688
32.0,32,8.539873
28.0,28,8.545952
35.0,35,8.553919
29.0,29,8.559964
31.0,31,8.567537
29.0,29,8.574033
24.0,24,8.579198
27.0,27,8.58555
28.0,28,8.591875
24.0,24,8.597207
38.0,38,8.605694
24.0,24,8.611308
21.0,21,8.616799
24.0,24,8.622548
30.0,30,8.629086
34.0,34,8.636538
24.0,24,8.641846
27.0,27,8.647492
22.0,22,8.652518
34.0,34,8.670893
33.0,33,8.679536
32.0,32,8.687112
35.0,35,8.694553
26.0,26,8.700805
33.0,33,8.708341
44.0,44,8.718282
39.0,39,8.726751
58.0,58,8.739554
31.0,31,8.747258
29.0,29,8.754045
27.0,27,8.760631
42.0,42,8.770033
41.0,41,8.779298
33.0,33,8.786724
37.0,37,8.794993
27.0,27,8.801268
21.0,21,8.805849
24.0,24,8.811497
24.0,24,8.816854
32.0,32,8.824042
24.0,24,8.829415
17.0,17,8.833967
29.0,29,8.840885
18.0,18,8.844651
22.0,22,8.850259
21.0,21,8.854996
19.0,19,8.859126
25.0,25,8.864573
29.0,29,8.871171
22.0,22,8.876089
25.0,25,8.881238
28.0,28,8.887226
28.0,28,8.893253
29.0,29,8.899683
42.0,42,8.909074
44.0,44,8.918823
44.0,44,8.928724
34.0,34,8.936343
38.0,38,8.945559
36.0,36,8.95345
22.0,22,8.958308
40.0,40,8.967161
25.0,25,8.973386
27.0,27,8.978848
29.0,29,8.985666
42.0,42,8.994769
35.0,35,9.002658
47.0,47,9.013876
45.0,45,9.023603
40.0,40,9.032771
66.0,66,9.047231
37.0,37,9.056276
39.0,39,9.064689
40.0,40,9.073658
37.0,37,9.082328
28.0,28,9.088508
56.0,56,9.100882
46.0,46,9.110836
31.0,31,9.137789
30.0,30,9.145141
21.0,21,9.150512
21.0,21,9.155504
18.0,18,9.159102
15.0,15,9.162917
15.0,15,9.166521
25.0,25,9.172086
26.0,26,9.178054
42.0,42,9.187186
146.0,146,9.219846
128.0,128,9.249208
51.0,51,9.26045
51.0,51,9.272416
52.0,52,9.284434
109.0,109,9.308619
71.0,71,9.324443
58.0,58,9.337999
52.0,52,9.350007
101.0,101,9.37265
74.0,74,9.389319
88.0,88,9.409107
84.0,84,9.427759
76.0,76,9.44535
230.0,230,9.498154
173.0,173,9.537492
123.0,123,9.565119
136.0,136,9.629853
115.0,115,9.656879
64.0,64,9.671537
88.0,88,9.692097
78.0,78,9.709176
254.0,254,9.766348
59.0,59,9.778867
88.0,88,9.799479
192.0,192,9.842857
279.0,279,9.905001
295.0,295,9.971409
139.0,139,10.002825
127.0,127,10.031505
131.0,131,10.06072
143.0,143,10.142401
117.0,117,10.169705
318.0,318,10.24072
132.0,132,10.271431
165.0,165,10.309896
288.0,288,10.374374
140.0,140,10.406014
180.0,180,10.447121
104.0,104,10.471111
139.0,139,10.501806
247.0,247,10.557574
205.0,205,10.650206
260.0,260,10.708821
331.0,331,10.782902
244.0,244,10.838229
131.0,131,10.868705
163.0,163,10.904923
117.0,117,10.931335
109.0,109,10.956248
110.0,110,10.980658
201.0,201,11.025944
126.0,126,11.054667
166.0,166,11.156281
161.0,161,11.192835
233.0,233,11.24439
150.0,150,11.277666
151.0,151,11.311816
113.0,113,11.338285
148.0,148,11.371108
189.0,189,11.414294
235.0,235,11.466855
150.0,150,11.500182
161.0,161,11.536187
201.0,201,11.581797
90.0,90,11.645089
59.0,59,11.658199
124.0,124,11.686625
127.0,127,11.714716
280.0,280,11.777821
136.0,136,11.80963
213.0,213,11.858268
249.0,249,11.913609
336.0,336,11.987991
165.0,165,12.025251
293.0,293,12.155955
266.0,266,12.217863
287.0,287,12.282317
132.0,132,12.312696
365.0,365,12.395337
353.0,353,12.473156
170.0,170,12.510784
151.0,151,12.544926
189.0,189,12.589489
213.0,213,12.710813
139.0,139,12.741905
110.0,110,12.766845
171.0,171,12.805028
213.0,213,12.853216
152.0,152,12.887586
323.0,323,12.95999
131.0,131,12.988886
148.0,148,13.022872
173.0,173,13.06258
161.0,161,13.0995
175.0,175,13.199721
149.0,149,13.234973
153.0,153,13.269886
129.0,129,13.298832
215.0,215,13.347845
333.0,333,13.423554
160.0,160,13.459371
127.0,127,13.487559
149.0,149,13.521358
176.0,176,13.561517
135.0,135,13.592433
187.0,187,13.63435
180.0,180,13.739951
164.0,164,13.777177
201.0,201,13.822534
221.0,221,13.898007
281.0,281,13.962131
178.0,178,14.00218
285.0,285,14.067101
169.0,169,14.105074
145.0,145,14.136173
278.0,278,14.266329
223.0,223,14.317615
160.0,160,14.35465
128.0,128,14.383899
147.0,147,14.417821
147.0,147,14.451823
243.0,243,14.506854
141.0,141,14.539591
183.0,183,14.580575
220.0,220,14.629427
161.0,161,14.666191
123.0,123,14.692976
243.0,243,14.83556
156.0,156,14.870244
221.0,221,14.918632
248.0,248,14.974364
152.0,152,15.008387
129.0,129,15.038313
273.0,273,15.100112
201.0,201,15.145428
188.0,188,15.187609
162.0,162,15.224149
180.0,180,15.341765
154.0,154,15.375645
247.0,247,15.431138
183.0,183,15.471904
276.0,276,15.534337
176.0,176,15.572808
162.0,162,15.608432
183.0,183,15.649156
167.0,167,15.686652
250.0,250,15.741525
257.0,257,15.877648
194.0,194,15.920898
145.0,145,15.953922
242.0,242,16.010159
171.0,171,16.049374
200.0,200,16.094073
227.0,227,16.14595
131.0,131,16.17496
279.0,279,16.23823
193.0,193,16.281559
149.0,149,16.372755
244.0,244,16.427912
186.0,186,16.472019
217.0,217,16.520487
154.0,154,16.554692
335.0,335,16.628449
245.0,245,16.683539
154.0,154,16.718313
188.0,188,16.76151
193.0,193,16.804632
197.0,197,16.924277
159.0,159,16.960567
196.0,196,17.003949
208.0,208,17.052129
155.0,155,17.086968
121.0,121,17.114141
248.0,248,17.170407
171.0,171,17.208285
165.0,165,17.245609
128.0,128,17.27413
216.0,216,17.322364
140.0,140,17.416422
250.0,250,17.473611
124.0,124,17.501753
184.0,184,17.544084
228.0,228,17.599101
200.0,200,17.645486
144.0,144,17.677698
184.0,184,17.718789
178.0,178,17.757745
211.0,211,17.805783
206.0,206,17.917683
248.0,248,17.974486
306.0,306,18.044639
272.0,272,18.105594
212.0,212,18.152717
198.0,198,18.196698
178.0,178,18.239697
248.0,248,18.295673
208.0,208,18.342441
238.0,238,18.462917
208.0,208,18.510407
186.0,186,18.55228
212.0,212,18.599883
212.0,212,18.648501
200.0,200,18.694415
176.0,176,18.733496
151.0,151,18.766844
194.0,194,18.81016
168.0,168,18.847662
154.0,154,18.882449
197.0,197,18.996582
240.0,240,19.052462
169.0,169,19.089912
156.0,156,19.125542
186.0,186,19.167622
176.0,176,19.207384
210.0,210,19.254155
273.0,273,19.315939
150.0,150,19.350567
210.0,210,19.398276
158.0,158,19.50215
148.0,148,19.535297
180.0,180,19.575855
137.0,137,19.606489
146.0,146,19.639861
217.0,217,19.688014
250.0,250,19.7433
177.0,177,19.783822
167.0,167,19.820398
151.0,151,19.854011
154.0,154,19.889343
202.0,202,19.99861
163.0,163,20.037008
198.0,198,20.081468
174.0,174,20.120824
236.0,236,20.173394
130.0,130,20.202521
158.0,158,20.238118
167.0,167,20.276852
209.0,209,20.323703
130.0,130,20.352189
230.0,230,20.404142
189.0,189,20.512777
216.0,216,20.562725
164.0,164,20.599109
176.0,176,20.63849
221.0,221,20.689461
210.0,210,20.735726
264.0,264,20.795644
197.0,197,20.839411
223.0,223,20.888799
151.0,151,20.922277
261.0,261,21.046365
127.0,127,21.07612
159.0,159,21.114405
300.0,300,21.192242
188.0,188,21.241472
206.0,206,21.290071
171.0,171,21.329974
206.0,206,21.377156
164.0,164,21.414753
154.0,154,21.450005
163.0,163,21.486659
192.0,192,21.596838
176.0,176,21.637254
185.0,185,21.679103
181.0,181,21.719826
320.0,320,21.792534
152.0,152,21.827642
153.0,153,21.861562
182.0,182,21.902046
200.0,200,21.946729
161.0,161,21.98302
169.0,169,22.10059
186.0,186,22.144351
177.0,177,22.183629
204.0,204,22.230085
162.0,162,22.292993
230.0,230,22.345256
213.0,213,22.393018
158.0,158,22.429762
222.0,222,22.47939
175.0,175,22.519949
187.0,187,22.563737
182.0,182,22.681053
237.0,237,22.73482
193.0,193,22.778571
172.0,172,22.817565
201.0,201,22.864279
231.0,231,22.918772
186.0,186,22.964941
169.0,169,23.005221
163.0,163,23.043085
196.0,196,23.087041
200.0,200,23.204422
171.0,171,23.242979
166.0,166,23.280734
193.0,193,23.32429
199.0,199,23.368339
184.0,184,23.410312
254.0,254,23.467136
333.0,333,23.541744
213.0,213,23.588842
243.0,243,23.70773
183.0,183,23.751465
214.0,214,23.801063
177.0,177,23.840994
128.0,128,23.870307
207.0,207,23.916517
179.0,179,23.957515
189.0,189,23.999629
192.0,192,24.042964
13.0,13,24.046226
177.0,177,24.085924
218.0,218,24.135494
218.0,218,24.256688
213.0,213,24.306761
170.0,170,24.346088
201.0,201,24.391584
222.0,222,24.441791
233.0,233,24.495475
181.0,181,24.536512
128.0,128,24.565902
186.0,186,24.607784
218.0,218,24.656859
