#{"t_start": 1787580510.9069598, "env_id": "Pendulum-v1"}
r,l,t
-1617.864902,200,0.056946
-854.138993,200,0.115083
-874.219881,200,0.172596
-1565.005695,200,0.231878
-960.419621,200,0.290464
-1527.389158,200,0.350082
-1636.197603,200,0.413482
-1167.550776,200,0.478405
-859.35807,200,0.539024
-1358.509295,200,0.602203
-1449.508544,200,0.963121
-1535.364614,200,1.029454
-966.60349,200,1.091527
-1066.375152,200,1.153883
-934.550663,200,1.217752
-1022.319827,200,1.282346
-1080.620578,200,1.34527
-1113.552321,200,1.408243
-1235.427828,200,1.472919
-1257.558665,200,1.537437
-1197.399515,200,1.741042
-1214.839939,200,1.80734
-1046.398452,200,1.873728
-1653.092768,200,1.939227
-856.650184,200,2.00424
-1585.942724,200,2.070249
-1032.99817,200,2.137417
-910.528934,200,2.205912
-998.615574,200,2.273834
-1564.346603,200,2.341633
-1671.930037,200,2.544359
-1581.805692,200,2.613707
-1825.198624,200,2.683862
-1381.758873,200,2.752926
-1117.00826,200,2.826778
-1269.78951,200,2.898939
-993.216852,200,2.987174
-1477.182878,200,3.072156
-1516.243599,200,3.148589
-1426.747598,200,3.230043
-1578.099537,200,3.441591
-1764.217881,200,3.516279
-1223.59176,200,3.593187
-1131.808854,200,3.673184
-1791.813101,200,3.75456
-1081.472853,200,3.861191
-1166.702328,200,3.977782
-1273.712978,200,4.079705
-1075.3097,200,4.160256
-1234.916058,200,4.246525
-1378.809641,200,4.497271
-1076.343869,200,4.583425
-1289.591856,200,4.664147
-1517.73816,200,4.752029
-1553.997152,200,4.889444
-1349.760114,200,4.975019
-1223.382852,200,5.055209
-1526.631177,200,5.137618
-1126.480831,200,5.218346
-1538.778722,200,5.294688
-1352.038285,200,5.51898
-1447.470818,200,5.596835
-1532.549006,200,5.673087
-1506.36023,200,5.752202
-1577.135291,200,5.83538
-1451.618112,200,5.912441
-1490.193217,200,5.9885
-1488.665821,200,6.067396
-1256.518567,200,6.144656
-1410.874886,200,6.220804
-1468.075,200,6.431781
-1511.644874,200,6.50825
-1539.127222,200,6.584354
-1583.505582,200,6.659698
-1574.122017,200,6.735137
-1443.238763,200,6.811236
-1313.46337,200,6.890324
-1554.127048,200,6.965435
-1625.423395,200,7.041214
-1483.487593,200,7.116522
-1522.064722,200,7.328316
-1533.682136,200,7.404147
-1293.228258,200,7.480394
-1409.581037,200,7.555754
-1478.091686,200,7.631384
-1375.473957,200,7.707347
-1526.132631,200,7.783572
-1536.364444,200,7.861005
-1518.043653,200,7.936742
-1417.515145,200,8.011614
-1426.380928,200,8.220634
-1526.946068,200,8.297361
-1530.956028,200,8.373751
-1523.811879,200,8.452322
-1401.910732,200,8.528957
-1529.607905,200,8.604856
-1527.942878,200,8.681304
-1485.625554,200,8.756444
-1583.556306,200,8.832211
-1378.82097,200,8.908147
-1734.472996,200,9.118587
-1699.197284,200,9.194152
-1298.716811,200,9.271089
-1639.338713,200,9.346926
-1605.691587,200,9.422608
-1154.80642,200,9.498342
-1229.271775,200,9.574695
-1425.282328,200,9.650494
-1713.673808,200,9.726129
-1528.432298,200,9.802336
-1299.376681,200,10.012435
-1527.755858,200,10.088559
-1650.840578,200,10.164059
-1464.082155,200,10.240307
-1489.459038,200,10.315841
-1528.777865,200,10.391251
-1545.6973,200,10.466708
-1472.171985,200,10.547691
-1581.044372,200,10.62435
-1641.373656,200,10.701161
-1359.626776,200,10.917617
-1540.423844,200,10.993676
-1535.535045,200,11.069393
-1639.478264,200,11.145969
-1502.485125,200,11.22373
-1571.914072,200,11.30247
-1559.299236,200,11.378395
-1568.950155,200,11.454266
-1667.825644,200,11.52973
-1561.224511,200,11.605213
-1544.226294,200,11.81311
-1613.934064,200,11.88878
-1549.2002,200,11.964112
-1620.017134,200,12.039506
-1464.859864,200,12.114889
-1550.915539,200,12.190755
-1485.863326,200,12.267547
-1477.104088,200,12.34318
-1554.398553,200,12.484152
-1625.858021,200,12.637434
-1519.921626,200,12.877344
-1453.67065,200,12.957532
-1552.907288,200,13.033596
-1561.253333,200,13.109519
-1517.508442,200,13.189024
-1471.493481,200,13.266841
-1508.920143,200,13.343713
-1539.646852,200,13.422217
-1529.149142,200,13.500417
-1627.552957,200,13.581592
-1604.105427,200,13.792417
-1422.019858,200,13.867612
-1561.390364,200,13.94224
-1370.506153,200,14.018083
-1516.745161,200,14.100533
-1550.869537,200,14.179685
-1708.200361,200,14.257526
-1471.190515,200,14.338943
-1404.987293,200,14.418034
-1510.299043,200,14.493236
-1537.144796,200,14.706179
-1638.496159,200,14.784392
-1424.605339,200,14.860643
-1325.873613,200,14.936839
-1473.92895,200,15.011682
-1486.164866,200,15.086009
-1505.818514,200,15.162532
-1475.584093,200,15.23636
-1451.063879,200,15.314414
-1482.166114,200,15.389283
-1444.396319,200,15.606881
-1496.671211,200,15.683088
-1518.713381,200,15.759534
-1519.345283,200,15.835219
-1522.484662,200,15.917294
-1453.571899,200,15.991938
-1452.306592,200,16.06814
-1509.91138,200,16.143664
-1060.856132,200,16.223666
-1481.610875,200,16.299586
-1306.900909,200,16.508808
-1435.19152,200,16.583805
-1542.579882,200,16.658188
-1318.612511,200,16.732641
-1169.930995,200,16.808346
-1452.330225,200,16.88387
-1516.939164,200,16.96011
-1551.567211,200,17.035704
-1404.287707,200,17.111244
-1522.598619,200,17.187145
-1432.830568,200,17.416549
-1478.211764,200,17.495544
-1586.491532,200,17.571812
-1429.315526,200,17.647361
-1504.919762,200,17.723392
-1476.279849,200,17.799094
-1407.930446,200,17.874987
-1545.295491,200,17.949562
-1460.76767,200,18.024106
-1358.685456,200,18.09947
-1515.18529,200,18.310626
-1355.698446,200,18.387271
-1502.881138,200,18.465673
-1523.506834,200,18.542092
-1544.670003,200,18.617962
-1239.344385,200,18.693618
-1286.512091,200,18.770186
-1522.382365,200,18.845865
-1498.208358,200,18.920409
-1545.676543,200,18.995162
-1515.24484,200,19.216216
-1258.052978,200,19.293721
-1344.4887,200,19.370059
-1451.493462,200,19.445987
-1478.390535,200,19.521182
-1433.752593,200,19.596838
-1355.614621,200,19.674716
-1453.461727,200,19.749399
-1521.699492,200,19.825423
-1451.700162,200,19.902045
-1548.872619,200,20.11298
-1424.427623,200,20.189376
-1419.014219,200,20.265754
-1294.084183,200,20.341297
-1532.377593,200,20.416285
-1226.814106,200,20.491929
-1522.603952,200,20.56793
-1500.732894,200,20.642758
-1518.719167,200,20.725437
-1401.117985,200,20.808982
-1413.873709,200,21.023335
-1554.129336,200,21.100101
-1205.168947,200,21.180166
-1456.183972,200,21.255965
-1293.763519,200,21.332479
-1517.393975,200,21.407349
-1434.073355,200,21.484188
-1476.6582,200,21.559536
-1516.03691,200,21.636082
-1506.589048,200,21.711769
-1508.683387,200,21.921639
-1516.552254,200,21.997824
-1538.565778,200,22.073393
-1296.452478,200,22.148773
-1367.924209,200,22.223257
-1513.318608,200,22.300081
-1522.377553,200,22.376131
-1416.679759,200,22.451753
-1.982686,200,22.527404
-1475.986,200,22.609844
-1445.123407,200,22.822203
-1508.612814,200,22.897946
-1233.987342,200,22.974146
-1519.937042,200,23.050076
-805.246662,200,23.126461
-1537.913286,200,23.204268
-1473.546834,200,23.279942
-1502.310878,200,23.356913
-1086.943012,200,23.434472
-1151.499426,200,23.512179
-1406.806972,200,23.720378
-1097.096013,200,23.796594
-1.271325,200,23.872127
-1031.814213,200,23.947567
-1150.207541,200,24.022623
-1529.13537,200,24.098148
-1519.450337,200,24.174052
-1179.436619,200,24.249641
-1341.57819,200,24.326494
-1389.118786,200,24.402934
-1267.254144,200,24.61536
-1.419924,200,24.690838
-1116.072042,200,24.766188
-1.358408,200,24.841471
-1515.802386,200,24.918108
-1512.058219,200,24.99351
-1.545707,200,25.069909
-1515.097794,200,25.145169
-1219.220432,200,25.220224
-1253.07241,200,25.295774
-1472.318378,200,25.506584
-1295.105778,200,25.582456
-1449.161663,200,25.658097
-1506.69856,200,25.733439
-1363.842128,200,25.808864
-1242.225105,200,25.884571
-1403.977201,200,25.960235
-2.560058,200,26.035664
-1428.380303,200,26.111063
-1386.796019,200,26.187063
-1511.962144,200,26.399795
-1299.929539,200,26.475786
-1523.794795,200,26.551752
-1542.210865,200,26.62619
-1077.861415,200,26.701833
-1162.565223,200,26.776978
-1189.358062,200,26.853283
-1475.405661,200,26.929575
-1290.81712,200,27.004869
-1208.722459,200,27.080371
-1373.366841,200,27.292345
-1262.594819,200,27.368979
-1131.801045,200,27.44487
-260.163387,200,27.522741
-4.159709,200,27.598649
-136.162948,200,27.674513
-523.236697,200,27.751426
-1520.153922,200,27.828079
-1001.252396,200,27.903747
-134.945357,200,27.979401
-1190.766596,200,28.188966
-1235.340162,200,28.265983
-1095.789458,200,28.342249
-2.893231,200,28.419254
-1074.979548,200,28.49878
-1134.168118,200,28.573897
-1097.054452,200,28.650055
-1127.172026,200,28.725617
-1124.805796,200,28.80039
-1475.905015,200,28.875797
-1296.735273,200,29.08582
-1454.867604,200,29.162626
-1185.218339,200,29.238435
-1304.932271,200,29.314523
-1087.102612,200,29.390627
-1237.888539,200,29.466921
-1299.593329,200,29.5434
-1102.113242,200,29.618867
-1160.852308,200,29.694406
-1530.120704,200,29.769252
-954.249637,200,29.980174
-1095.943936,200,30.056649
-1091.898329,200,30.132348
-983.825701,200,30.207433
-160.332896,200,30.283273
-1081.170172,200,30.359779
-1098.057765,200,30.435464
-1264.139583,200,30.511354
-1105.414288,200,30.586884
-1124.189094,200,30.662697
-653.461879,200,30.871416
-1084.31602,200,30.947288
-1211.612297,200,31.022267
-1343.587802,200,31.097326
-1171.186151,200,31.172786
-1172.117053,200,31.248329
-1092.957861,200,31.32446
-1087.00703,200,31.40045
-957.447475,200,31.476151
-1211.777628,200,31.551795
-1254.591555,200,31.762328
-4.373205,200,31.842052
-1165.945094,200,31.918096
-8.627066,200,31.994244
-134.667807,200,32.069798
-394.430402,200,32.145125
-1521.999375,200,32.221244
-1076.664141,200,32.296787
-1124.290117,200,32.377544
-1205.403026,200,32.457817
-320.510596,200,32.80359
-1530.798707,200,32.897013
-893.469647,200,32.981338
-1388.827009,200,33.061685
-1466.043465,200,33.139215
-927.817499,200,33.225795
-952.990633,200,33.307194
-1195.698576,200,33.397211
-1030.132324,200,33.481051
-1052.92876,200,33.556789
-1534.554162,200,33.765923
-1520.779621,200,33.845509
-1089.984723,200,33.922822
-330.948648,200,33.998816
-1388.628013,200,34.074472
-927.854024,200,34.149595
-939.594861,200,34.226467
-922.308714,200,34.301786
-436.203755,200,34.378597
-1041.853063,200,34.45481
-1065.259966,200,34.666786
-1093.884873,200,34.743081
-1268.129581,200,34.827462
-959.816927,200,34.925169
-827.574102,200,35.025027
-944.764305,200,35.105373
-946.763928,200,35.185315
-567.849202,200,35.2651
-4.624845,200,35.345042
-1479.413027,200,35.420893
-1036.756731,200,35.630727
-944.039015,200,35.707718
-1009.928832,200,35.7839
-1031.193289,200,35.866971
-1088.146486,200,35.944495
-1048.887332,200,36.021673
-1179.487759,200,36.098851
-408.942877,200,36.174539
-1071.770274,200,36.249427
-792.846861,200,36.324607
-1146.149081,200,36.536973
-1802.721563,200,36.613338
-980.741223,200,36.693891
-521.118736,200,36.79374
-646.625274,200,36.891247
-264.18309,200,36.976704
-1506.694788,200,37.060156
-686.150628,200,37.13981
-902.025286,200,37.220174
-631.926934,200,37.302116
-856.78192,200,37.535933
-1035.060896,200,37.613748
-1462.752528,200,37.692183
-522.894999,200,37.768365
-887.082563,200,37.971893
-1248.668551,200,38.064026
-1103.515129,200,38.152089
-1003.560505,200,38.238824
-972.942374,200,38.33747
-1019.263711,200,38.421643
-1119.737944,200,38.643902
-922.592218,200,38.726919
-997.620495,200,38.817069
-884.793323,200,38.904422
-2.551327,200,38.989041
-938.274445,200,39.069506
-918.677472,200,39.150818
-757.263784,200,39.229361
-889.661248,200,39.305694
-1153.341656,200,39.383959
-786.296571,200,39.595844
-1368.025731,200,39.679049
-2.171373,200,39.762521
-2.336,200,39.851046
-1046.943886,200,39.932938
-734.769734,200,40.010333
-1282.151867,200,40.095919
-991.305136,200,40.333587
-787.383344,200,40.4468
-795.65903,200,40.536991
-775.343228,200,40.773892
-818.828467,200,40.86348
-924.313877,200,40.946339
-1507.047858,200,41.023506
-971.033463,200,41.099887
-265.779192,200,41.176694
-808.94721,200,41.256406
-1186.159653,200,41.334316
-796.592452,200,41.415762
-942.177399,200,41.494549
-4.963308,200,41.717158
-1100.885081,200,41.804548
-526.6075,200,41.882804
-549.695196,200,41.962372
-666.659218,200,42.039797
-940.734535,200,42.116212
-385.293596,200,42.192927
-984.230502,200,42.27082
-1061.361455,200,42.34966
-1285.603869,200,42.426585
-876.27003,200,42.637725
-849.079916,200,42.715775
-876.925585,200,42.793057
-672.791722,200,42.872982
-893.741773,200,42.95043
-994.961351,200,43.029168
-686.253379,200,43.106596
-1.222599,200,43.216513
-1031.85049,200,43.310966
-760.526152,200,43.396145
-781.870607,200,43.67948
-823.406022,200,43.778439
-889.465311,200,43.873664
-1265.43539,200,43.96019
-815.000509,200,44.041111
-996.829183,200,44.119847
-1059.744801,200,44.197611
-876.627971,200,44.274643
-396.899489,200,44.350725
-740.243787,200,44.428182
-534.782795,200,44.653132
-1080.327411,200,44.737397
-661.683886,200,44.816627
-812.593184,200,44.893629
-3.458897,200,44.971757
-132.423258,200,45.048613
-391.839593,200,45.124247
-127.94254,200,45.202643
-262.13479,200,45.280902
-260.265946,200,45.358903
-133.348185,200,45.578312
-3.229806,200,45.655403
-265.698512,200,45.734327
-129.860451,200,45.811057
-395.495085,200,45.88723
-262.419124,200,45.96962
-706.81917,200,46.0504
-660.052837,200,46.131852
-1044.339975,200,46.251987
-392.862567,200,46.331899
