#{"t_start": 1785248618.500788, "env_id": "CartPole-v1"}
r,l,t
12.0,12,0.755494
24.0,24,0.756796
17.0,17,0.757309
15.0,15,0.757721
15.0,15,0.758219
19.0,19,0.758799
27.0,27,0.806124
22.0,22,0.810013
15.0,15,0.812798
47.0,47,0.820826
15.0,15,0.823446
57.0,57,0.83269
15.0,15,0.834618
39.0,39,0.841183
16.0,16,0.843661
23.0,23,0.847147
23.0,23,0.850648
16.0,16,0.853124
21.0,21,0.856824
19.0,19,0.860079
34.0,34,0.864865
26.0,26,0.869135
22.0,22,0.87299
13.0,13,0.874794
35.0,35,0.880406
22.0,22,0.884138
10.0,10,0.88535
11.0,11,0.887365
50.0,50,0.89516
39.0,39,0.901156
32.0,32,0.906774
13.0,13,0.908833
14.0,14,0.911323
24.0,24,0.914877
30.0,30,0.919094
20.0,20,0.922444
42.0,42,0.929072
13.0,13,0.930961
13.0,13,0.932955
12.0,12,0.934986
18.0,18,0.938512
21.0,21,0.941791
13.0,13,0.943753
17.0,17,0.946796
20.0,20,0.949989
12.0,12,0.952026
23.0,23,0.955161
26.0,26,0.959398
51.0,51,0.967433
13.0,13,0.969668
19.0,19,0.972734
28.0,28,0.976964
41.0,41,0.983319
11.0,11,0.985093
9.0,9,0.98646
9.0,9,0.987724
38.0,38,0.993839
13.0,13,0.995876
58.0,58,1.004815
43.0,43,1.01167
18.0,18,1.014821
21.0,21,1.018072
21.0,21,1.0215
16.0,16,1.024422
16.0,16,1.026874
15.0,15,1.029484
28.0,28,1.03383
12.0,12,1.035728
14.0,14,1.038035
34.0,34,1.043679
39.0,39,1.050088
26.0,26,1.054215
31.0,31,1.063293
13.0,13,1.065234
17.0,17,1.067547
9.0,9,1.069359
32.0,32,1.074697
53.0,53,1.082629
23.0,23,1.086261
18.0,18,1.089669
32.0,32,1.094762
22.0,22,1.098712
22.0,22,1.101887
21.0,21,1.105289
40.0,40,1.122149
17.0,17,1.12565
25.0,25,1.129862
17.0,17,1.132694
16.0,16,1.135505
20.0,20,1.139193
28.0,28,1.143755
18.0,18,1.14692
18.0,18,1.149678
39.0,39,1.156234
9.0,9,1.157623
28.0,28,1.162201
11.0,11,1.164102
21.0,21,1.167169
21.0,21,1.170428
12.0,12,1.172806
23.0,23,1.176913
38.0,38,1.183464
40.0,40,1.189768
10.0,10,1.191248
19.0,19,1.194593
21.0,21,1.198253
11.0,11,1.20012
11.0,11,1.202108
15.0,15,1.204598
16.0,16,1.207588
22.0,22,1.211394
14.0,14,1.213729
9.0,9,1.21613
12.0,12,1.219845
23.0,23,1.227237
14.0,14,1.229699
18.0,18,1.232487
19.0,19,1.235561
13.0,13,1.238005
13.0,13,1.241225
20.0,20,1.244827
19.0,19,1.247761
18.0,18,1.251054
11.0,11,1.253254
24.0,24,1.257711
16.0,16,1.260494
15.0,15,1.262552
21.0,21,1.266625
15.0,15,1.268691
11.0,11,1.270664
11.0,11,1.27317
19.0,19,1.27678
11.0,11,1.278198
16.0,16,1.280805
19.0,19,1.284151
17.0,17,1.287211
15.0,15,1.290443
19.0,19,1.293827
16.0,16,1.296494
13.0,13,1.298952
16.0,16,1.301714
14.0,14,1.304461
9.0,9,1.306331
12.0,12,1.308739
14.0,14,1.310936
14.0,14,1.31353
11.0,11,1.315664
12.0,12,1.318345
13.0,13,1.320717
10.0,10,1.322528
14.0,14,1.325334
15.0,15,1.328026
18.0,18,1.330843
20.0,20,1.334616
11.0,11,1.337002
14.0,14,1.339756
20.0,20,1.343217
23.0,23,1.347287
18.0,18,1.350657
15.0,15,1.353095
12.0,12,1.356059
11.0,11,1.358207
15.0,15,1.360927
17.0,17,1.363799
10.0,10,1.365885
13.0,13,1.368014
13.0,13,1.370465
11.0,11,1.373079
15.0,15,1.375799
17.0,17,1.378555
12.0,12,1.380569
21.0,21,1.383987
18.0,18,1.387478
10.0,10,1.389133
13.0,13,1.391201
11.0,11,1.393229
24.0,24,1.397226
15.0,15,1.399849
12.0,12,1.402076
18.0,18,1.405498
15.0,15,1.408535
9.0,9,1.410099
10.0,10,1.412141
10.0,10,1.413524
9.0,9,1.415541
11.0,11,1.417209
17.0,17,1.4206
12.0,12,1.423118
14.0,14,1.425351
9.0,9,1.427046
11.0,11,1.429115
12.0,12,1.431132
12.0,12,1.433242
28.0,28,1.43823
13.0,13,1.440558
12.0,12,1.442757
16.0,16,1.445676
16.0,16,1.448582
10.0,10,1.450594
20.0,20,1.454739
11.0,11,1.457696
10.0,10,1.459549
12.0,12,1.462221
12.0,12,1.465161
11.0,11,1.467759
16.0,16,1.472753
15.0,15,1.477508
13.0,13,1.482027
11.0,11,1.484461
18.0,18,1.48779
14.0,14,1.49086
12.0,12,1.492942
11.0,11,1.498919
9.0,9,1.501018
14.0,14,1.503538
8.0,8,1.505375
11.0,11,1.507505
13.0,13,1.509538
17.0,17,1.512289
17.0,17,1.515863
12.0,12,1.51807
16.0,16,1.521012
14.0,14,1.523609
18.0,18,1.527156
13.0,13,1.529222
15.0,15,1.531838
9.0,9,1.533268
11.0,11,1.535295
9.0,9,1.537089
11.0,11,1.539585
12.0,12,1.541775
13.0,13,1.544033
21.0,21,1.547625
18.0,18,1.551066
9.0,9,1.552648
20.0,20,1.556539
9.0,9,1.558181
16.0,16,1.561044
14.0,14,1.563903
11.0,11,1.565561
11.0,11,1.567563
12.0,12,1.570029
18.0,18,1.573855
18.0,18,1.576566
12.0,12,1.578639
14.0,14,1.581176
12.0,12,1.583202
16.0,16,1.586184
19.0,19,1.589562
15.0,15,1.592203
22.0,22,1.596123
12.0,12,1.598503
18.0,18,1.60159
12.0,12,1.604322
18.0,18,1.607908
11.0,11,1.6096
16.0,16,1.612286
13.0,13,1.615016
11.0,11,1.616573
9.0,9,1.618582
11.0,11,1.620535
12.0,12,1.622688
11.0,11,1.624826
11.0,11,1.626926
10.0,10,1.628545
11.0,11,1.630627
11.0,11,1.632733
12.0,12,1.634713
11.0,11,1.637046
10.0,10,1.638724
11.0,11,1.640858
12.0,12,1.643102
23.0,23,1.64749
11.0,11,1.649071
10.0,10,1.651105
10.0,10,1.652699
11.0,11,1.654953
12.0,12,1.657121
13.0,13,1.659136
9.0,9,1.661154
8.0,8,1.66264
15.0,15,1.665037
10.0,10,1.667138
11.0,11,1.669247
9.0,9,1.670859
12.0,12,1.673021
18.0,18,1.675788
11.0,11,1.677731
12.0,12,1.679864
14.0,14,1.682455
10.0,10,1.683975
21.0,21,1.687569
11.0,11,1.689641
10.0,10,1.69174
14.0,14,1.694074
12.0,12,1.696212
16.0,16,1.699448
8.0,8,1.700897
10.0,10,1.703014
10.0,10,1.704776
14.0,14,1.707592
10.0,10,1.709144
15.0,15,1.712338
10.0,10,1.714042
13.0,13,1.716899
10.0,10,1.718517
11.0,11,1.720837
10.0,10,1.722565
9.0,9,1.72457
12.0,12,1.726638
13.0,13,1.728625
12.0,12,1.730789
14.0,14,1.733139
15.0,15,1.735787
14.0,14,1.739073
16.0,16,1.742065
14.0,14,1.744408
13.0,13,1.746589
10.0,10,1.748533
14.0,14,1.750597
14.0,14,1.753574
9.0,9,1.755145
16.0,16,1.757956
11.0,11,1.760116
10.0,10,1.761659
15.0,15,1.764564
11.0,11,1.766811
15.0,15,1.769715
14.0,14,1.772395
11.0,11,1.774678
13.0,13,1.776837
13.0,13,1.779003
9.0,9,1.780989
10.0,10,1.782522
13.0,13,1.784741
10.0,10,1.786926
11.0,11,1.789601
10.0,10,1.791641
9.0,9,1.793641
12.0,12,1.797006
10.0,10,1.800459
10.0,10,1.802145
11.0,11,1.804639
11.0,11,1.807393
15.0,15,1.81044
12.0,12,1.812699
10.0,10,1.814109
11.0,11,1.816502
12.0,12,1.818695
14.0,14,1.821534
11.0,11,1.824016
11.0,11,1.826226
8.0,8,1.827896
12.0,12,1.830228
12.0,12,1.832615
10.0,10,1.834152
12.0,12,1.836349
13.0,13,1.839593
11.0,11,1.841252
11.0,11,1.843369
8.0,8,1.845029
13.0,13,1.847337
10.0,10,1.849528
11.0,11,1.851828
18.0,18,1.855353
13.0,13,1.857646
15.0,15,1.860566
11.0,11,1.862796
9.0,9,1.864424
11.0,11,1.86655
14.0,14,1.868718
11.0,11,1.871379
9.0,9,1.8734
9.0,9,1.879508
10.0,10,1.881254
8.0,8,1.882958
10.0,10,1.885126
9.0,9,1.886904
9.0,9,1.88885
10.0,10,1.89115
11.0,11,1.892901
10.0,10,1.895055
9.0,9,1.896626
11.0,11,1.898829
11.0,11,1.900997
13.0,13,1.903408
9.0,9,1.90545
9.0,9,1.907103
10.0,10,1.909268
9.0,9,1.910918
11.0,11,1.913064
9.0,9,1.914603
12.0,12,1.916892
17.0,17,1.919889
18.0,18,1.924244
9.0,9,1.925731
11.0,11,1.927884
9.0,9,1.929492
13.0,13,1.931766
13.0,13,1.934534
12.0,12,1.936882
16.0,16,1.940018
10.0,10,1.941685
11.0,11,1.943933
11.0,11,1.946142
11.0,11,1.947906
12.0,12,1.950117
12.0,12,1.952359
15.0,15,1.955358
14.0,14,1.958054
11.0,11,1.959748
12.0,12,1.96188
13.0,13,1.96463
10.0,10,1.966297
11.0,11,1.968409
16.0,16,1.971281
9.0,9,1.972866
9.0,9,1.974494
12.0,12,1.976746
9.0,9,1.978806
11.0,11,1.980566
11.0,11,1.982783
11.0,11,1.984931
11.0,11,1.987154
12.0,12,1.989561
16.0,16,1.992585
10.0,10,1.994366
15.0,15,1.997225
9.0,9,1.998768
12.0,12,2.000912
12.0,12,2.003195
11.0,11,2.005529
11.0,11,2.007972
10.0,10,2.00964
9.0,9,2.01108
9.0,9,2.013112
11.0,11,2.014814
10.0,10,2.016945
10.0,10,2.018657
9.0,9,2.021037
14.0,14,2.023299
10.0,10,2.025323
11.0,11,2.027057
10.0,10,2.029207
10.0,10,2.030828
13.0,13,2.033632
11.0,11,2.035209
10.0,10,2.037481
9.0,9,2.039224
9.0,9,2.040859
10.0,10,2.043028
10.0,10,2.044629
11.0,11,2.046932
9.0,9,2.048425
10.0,10,2.05048
9.0,9,2.052104
13.0,13,2.054531
10.0,10,2.056709
11.0,11,2.058825
10.0,10,2.060447
10.0,10,2.062683
12.0,12,2.06495
12.0,12,2.067115
9.0,9,2.068711
11.0,11,2.070977
12.0,12,2.073259
13.0,13,2.07559
11.0,11,2.077625
10.0,10,2.079523
11.0,11,2.081869
9.0,9,2.083528
15.0,15,2.086215
8.0,8,2.087949
9.0,9,2.089622
10.0,10,2.091726
10.0,10,2.093549
15.0,15,2.096629
12.0,12,2.09886
11.0,11,2.100955
11.0,11,2.1027
11.0,11,2.105501
10.0,10,2.107764
12.0,12,2.109985
8.0,8,2.111523
9.0,9,2.11319
10.0,10,2.114787
9.0,9,2.116743
12.0,12,2.118818
11.0,11,2.120619
8.0,8,2.122178
10.0,10,2.124332
9.0,9,2.125806
8.0,8,2.127395
12.0,12,2.129563
10.0,10,2.131611
14.0,14,2.13394
11.0,11,2.136218
9.0,9,2.137919
9.0,9,2.139708
8.0,8,2.141271
9.0,9,2.14333
10.0,10,2.145009
14.0,14,2.147914
11.0,11,2.149595
11.0,11,2.151831
11.0,11,2.154085
13.0,13,2.156379
9.0,9,2.157934
9.0,9,2.159991
9.0,9,2.161644
9.0,9,2.1633
10.0,10,2.16538
8.0,8,2.166971
15.0,15,2.169391
13.0,13,2.172428
10.0,10,2.174138
14.0,14,2.176997
8.0,8,2.178584
9.0,9,2.180123
10.0,10,2.18171
9.0,9,2.183775
9.0,9,2.185372
10.0,10,2.187217
9.0,9,2.189249
10.0,10,2.190869
11.0,11,2.193095
9.0,9,2.194756
9.0,9,2.19645
10.0,10,2.198631
9.0,9,2.200255
11.0,11,2.202487
9.0,9,2.204225
9.0,9,2.205786
10.0,10,2.207825
9.0,9,2.209317
10.0,10,2.211457
16.0,16,2.214366
11.0,11,2.215981
10.0,10,2.218059
9.0,9,2.219693
11.0,11,2.221835
10.0,10,2.223567
10.0,10,2.225728
10.0,10,2.227464
9.0,9,2.2296
9.0,9,2.23119
10.0,10,2.232891
14.0,14,2.235848
10.0,10,2.237666
13.0,13,2.240494
9.0,9,2.242181
10.0,10,2.243894
9.0,9,2.245849
11.0,11,2.247544
9.0,9,2.24959
13.0,13,2.251837
8.0,8,2.253445
9.0,9,2.255337
14.0,14,2.258496
8.0,8,2.260046
13.0,13,2.266561
11.0,11,2.268907
15.0,15,2.271528
11.0,11,2.27385
8.0,8,2.275411
10.0,10,2.277765
10.0,10,2.279442
10.0,10,2.281652
12.0,12,2.283909
10.0,10,2.286427
9.0,9,2.288164
10.0,10,2.290962
9.0,9,2.292922
10.0,10,2.297032
10.0,10,2.298607
10.0,10,2.300865
12.0,12,2.303302
11.0,11,2.305111
12.0,12,2.307544
11.0,11,2.30986
11.0,11,2.312191
16.0,16,2.31589
11.0,11,2.318151
9.0,9,2.319898
12.0,12,2.322276
13.0,13,2.324555
10.0,10,2.326608
10.0,10,2.328199
9.0,9,2.329898
8.0,8,2.331554
10.0,10,2.333631
11.0,11,2.335772
12.0,12,2.338389
13.0,13,2.340744
10.0,10,2.34249
9.0,9,2.34465
11.0,11,2.34648
9.0,9,2.348605
10.0,10,2.350252
11.0,11,2.352351
10.0,10,2.354231
10.0,10,2.356725
11.0,11,2.358989
12.0,12,2.361247
14.0,14,2.363663
10.0,10,2.365891
10.0,10,2.367581
9.0,9,2.369063
10.0,10,2.371538
8.0,8,2.373101
9.0,9,2.374722
10.0,10,2.3768
10.0,10,2.378754
9.0,9,2.380399
9.0,9,2.382536
9.0,9,2.384196
10.0,10,2.385951
8.0,8,2.387613
11.0,11,2.389782
13.0,13,2.392021
10.0,10,2.394325
11.0,11,2.396639
8.0,8,2.398224
10.0,10,2.399903
10.0,10,2.402139
10.0,10,2.40395
11.0,11,2.406287
10.0,10,2.407914
10.0,10,2.410135
10.0,10,2.411729
10.0,10,2.414267
11.0,11,2.41644
10.0,10,2.418144
8.0,8,2.419791
8.0,8,2.421375
9.0,9,2.423038
9.0,9,2.425123
10.0,10,2.426844
10.0,10,2.429074
10.0,10,2.430773
12.0,12,2.433173
10.0,10,2.43546
9.0,9,2.437322
8.0,8,2.438945
11.0,11,2.441222
9.0,9,2.442827
10.0,10,2.444608
10.0,10,2.446924
9.0,9,2.448646
9.0,9,2.451783
9.0,9,2.457357
10.0,10,2.465299
10.0,10,2.472136
10.0,10,2.475344
9.0,9,2.478452
10.0,10,2.481842
11.0,11,2.49011
9.0,9,2.494915
9.0,9,2.496699
9.0,9,2.498386
9.0,9,2.500716
11.0,11,2.50284
9.0,9,2.505355
8.0,8,2.507308
12.0,12,2.509957
13.0,13,2.512457
9.0,9,2.514099
10.0,10,2.516304
10.0,10,2.518247
11.0,11,2.520979
10.0,10,2.522829
10.0,10,2.525077
9.0,9,2.526874
11.0,11,2.529332
11.0,11,2.531678
10.0,10,2.533451
9.0,9,2.535263
10.0,10,2.537792
9.0,9,2.539556
10.0,10,2.541962
12.0,12,2.544371
10.0,10,2.546132
9.0,9,2.547831
10.0,10,2.5501
9.0,9,2.551751
8.0,8,2.553547
9.0,9,2.555591
10.0,10,2.55803
12.0,12,2.56048
11.0,11,2.562757
9.0,9,2.564412
11.0,11,2.566838
10.0,10,2.568701
8.0,8,2.570433
12.0,12,2.57284
10.0,10,2.575116
10.0,10,2.576914
12.0,12,2.579296
10.0,10,2.581531
10.0,10,2.583278
9.0,9,2.584997
10.0,10,2.587345
10.0,10,2.589147
11.0,11,2.5915
9.0,9,2.593356
11.0,11,2.595696
10.0,10,2.597936
10.0,10,2.599588
12.0,12,2.601922
9.0,9,2.603724
10.0,10,2.606038
9.0,9,2.607694
11.0,11,2.610073
10.0,10,2.611743
8.0,8,2.61338
8.0,8,2.614999
11.0,11,2.617297
9.0,9,2.619085
10.0,10,2.621409
10.0,10,2.62318
9.0,9,2.625351
8.0,8,2.626925
9.0,9,2.628704
9.0,9,2.630349
11.0,11,2.63268
9.0,9,2.634346
11.0,11,2.63668
8.0,8,2.638321
9.0,9,2.640051
12.0,12,2.642337
8.0,8,2.643924
10.0,10,2.646141
9.0,9,2.647861
9.0,9,2.649503
8.0,8,2.651115
9.0,9,2.652787
9.0,9,2.655266
14.0,14,2.657838
10.0,10,2.660034
9.0,9,2.661802
10.0,10,2.663556
10.0,10,2.665847
8.0,8,2.66744
9.0,9,2.669056
10.0,10,2.671414
11.0,11,2.673219
10.0,10,2.675437
11.0,11,2.677645
9.0,9,2.679342
11.0,11,2.681577
9.0,9,2.683155
11.0,11,2.685361
9.0,9,2.687154
10.0,10,2.689098
9.0,9,2.691269
11.0,11,2.692996
8.0,8,2.694696
9.0,9,2.696862
9.0,9,2.698416
12.0,12,2.700766
11.0,11,2.707337
11.0,11,2.709254
9.0,9,2.711511
10.0,10,2.713264
10.0,10,2.715484
10.0,10,2.717238
12.0,12,2.719654
10.0,10,2.721973
9.0,9,2.723621
10.0,10,2.725348
10.0,10,2.727549
9.0,9,2.729169
9.0,9,2.730832
10.0,10,2.733005
9.0,9,2.734666
8.0,8,2.736251
10.0,10,2.738688
9.0,9,2.740636
10.0,10,2.742858
10.0,10,2.745812
9.0,9,2.747882
9.0,9,2.749918
9.0,9,2.753187
9.0,9,2.756294
9.0,9,2.75977
8.0,8,2.767379
9.0,9,2.770629
10.0,10,2.773824
10.0,10,2.776525
9.0,9,2.779013
14.0,14,2.782194
11.0,11,2.785146
9.0,9,2.787374
9.0,9,2.789668
11.0,11,2.794679
10.0,10,2.796864
10.0,10,2.7988
10.0,10,2.801408
11.0,11,2.803562
10.0,10,2.806117
10.0,10,2.808137
9.0,9,2.810815
11.0,11,2.813324
9.0,9,2.815893
9.0,9,2.817811
10.0,10,2.820455
9.0,9,2.824028
9.0,9,2.826779
12.0,12,2.829648
9.0,9,2.831487
11.0,11,2.834152
9.0,9,2.836008
11.0,11,2.838845
9.0,9,2.840792
10.0,10,2.843236
9.0,9,2.84506
9.0,9,2.846999
10.0,10,2.84928
8.0,8,2.850922
9.0,9,2.852561
10.0,10,2.854573
12.0,12,2.85724
9.0,9,2.859523
9.0,9,2.861225
9.0,9,2.862921
11.0,11,2.8652
9.0,9,2.866903
10.0,10,2.869147
11.0,11,2.871142
10.0,10,2.873363
9.0,9,2.875042
10.0,10,2.877263
9.0,9,2.879025
9.0,9,2.88072
9.0,9,2.882387
9.0,9,2.884534
9.0,9,2.886387
9.0,9,2.888146
10.0,10,2.890689
10.0,10,2.892692
8.0,8,2.89444
9.0,9,2.896223
9.0,9,2.898914
11.0,11,2.900871
9.0,9,2.903265
9.0,9,2.905226
12.0,12,2.908213
10.0,10,2.910007
9.0,9,2.912243
9.0,9,2.913865
9.0,9,2.915533
10.0,10,2.917776
9.0,9,2.919555
12.0,12,2.922801
10.0,10,2.924742
10.0,10,2.927075
10.0,10,2.928925
9.0,9,2.931117
9.0,9,2.932827
8.0,8,2.934473
9.0,9,2.93623
11.0,11,2.938889
12.0,12,2.941267
10.0,10,2.94307
9.0,9,2.945244
11.0,11,2.947005
11.0,11,2.949207
12.0,12,2.951513
9.0,9,2.953323
9.0,9,2.955782
10.0,10,2.957515
9.0,9,2.959212
8.0,8,2.960822
9.0,9,2.962972
10.0,10,2.964712
10.0,10,2.966919
10.0,10,2.968755
10.0,10,2.971256
12.0,12,2.973577
9.0,9,2.975307
10.0,10,2.97705
10.0,10,2.979197
10.0,10,2.980954
10.0,10,2.983205
9.0,9,2.984841
9.0,9,2.986719
9.0,9,2.989101
10.0,10,2.99083
9.0,9,2.992513
10.0,10,2.994774
11.0,11,2.997106
8.0,8,2.998755
10.0,10,3.000523
9.0,9,3.002199
9.0,9,3.004552
10.0,10,3.006419
8.0,8,3.008138
10.0,10,3.010449
8.0,8,3.012058
13.0,13,3.014442
11.0,11,3.016761
11.0,11,3.018576
11.0,11,3.021061
10.0,10,3.023382
10.0,10,3.025163
8.0,8,3.026805
11.0,11,3.029045
9.0,9,3.030799
9.0,9,3.032491
10.0,10,3.034724
10.0,10,3.036536
11.0,11,3.038878
10.0,10,3.041155
9.0,9,3.042759
9.0,9,3.044436
10.0,10,3.046702
9.0,9,3.048394
10.0,10,3.050149
10.0,10,3.052368
9.0,9,3.054145
10.0,10,3.056571
9.0,9,3.05832
9.0,9,3.060085
9.0,9,3.061749
9.0,9,3.063926
10.0,10,3.06563
9.0,9,3.067297
9.0,9,3.069556
9.0,9,3.071316
10.0,10,3.07306
11.0,11,3.075411
10.0,10,3.07757
8.0,8,3.079217
10.0,10,3.080951
10.0,10,3.083139
9.0,9,3.085145
10.0,10,3.087885
10.0,10,3.090975
8.0,8,3.094603
8.0,8,3.096543
8.0,8,3.099615
10.0,10,3.103452
9.0,9,3.107695
10.0,10,3.111364
8.0,8,3.11335
10.0,10,3.118497
10.0,10,3.121992
10.0,10,3.125198
9.0,9,3.128039
9.0,9,3.129719
10.0,10,3.132034
9.0,9,3.133757
12.0,12,3.136217
9.0,9,3.13795
10.0,10,3.140249
9.0,9,3.141956
8.0,8,3.143594
10.0,10,3.145424
9.0,9,3.147671
9.0,9,3.149332
9.0,9,3.151046
8.0,8,3.152665
9.0,9,3.154588
8.0,8,3.156385
10.0,10,3.158661
9.0,9,3.160357
9.0,9,3.162077
9.0,9,3.164233
10.0,10,3.169755
10.0,10,3.172284
8.0,8,3.173986
8.0,8,3.175655
9.0,9,3.177371
10.0,10,3.179131
11.0,11,3.181392
10.0,10,3.183595
10.0,10,3.18533
10.0,10,3.187699
8.0,8,3.189262
9.0,9,3.190864
9.0,9,3.192589
8.0,8,3.194161
9.0,9,3.195806
8.0,8,3.197311
9.0,9,3.199462
10.0,10,3.201208
9.0,9,3.202875
9.0,9,3.205073
9.0,9,3.206702
10.0,10,3.208465
10.0,10,3.210622
11.0,11,3.212951
14.0,14,3.215284
10.0,10,3.217607
10.0,10,3.219302
8.0,8,3.221038
9.0,9,3.222799
10.0,10,3.2251
10.0,10,3.226797
8.0,8,3.228272
10.0,10,3.230513
8.0,8,3.232129
10.0,10,3.233845
9.0,9,3.236121
9.0,9,3.237779
10.0,10,3.239532
9.0,9,3.24175
11.0,11,3.243551
9.0,9,3.245723
10.0,10,3.247464
9.0,9,3.249074
9.0,9,3.251166
11.0,11,3.253025
10.0,10,3.255541
10.0,10,3.257277
10.0,10,3.259603
9.0,9,3.261285
9.0,9,3.263006
10.0,10,3.265275
9.0,9,3.266878
11.0,11,3.269222
10.0,10,3.271041
9.0,9,3.273164
10.0,10,3.274925
10.0,10,3.277216
9.0,9,3.278864
10.0,10,3.280564
9.0,9,3.2827
11.0,11,3.284521
9.0,9,3.28683
11.0,11,3.288669
11.0,11,3.290935
10.0,10,3.293069
9.0,9,3.29477
11.0,11,3.297053
10.0,10,3.298811
11.0,11,3.301018
9.0,9,3.302743
10.0,10,3.305008
9.0,9,3.306656
11.0,11,3.308897
10.0,10,3.310696
8.0,8,3.312368
10.0,10,3.314592
9.0,9,3.316466
10.0,10,3.318215
10.0,10,3.320572
10.0,10,3.322338
10.0,10,3.324539
9.0,9,3.326223
9.0,9,3.327884
9.0,9,3.330075
10.0,10,3.331717
10.0,10,3.3339
9.0,9,3.335534
11.0,11,3.337922
10.0,10,3.339743
9.0,9,3.341419
10.0,10,3.343641
9.0,9,3.345286
10.0,10,3.347573
12.0,12,3.349939
10.0,10,3.351675
9.0,9,3.353429
9.0,9,3.355866
9.0,9,3.357504
9.0,9,3.359191
11.0,11,3.361554
9.0,9,3.363254
9.0,9,3.36491
12.0,12,3.367188
11.0,11,3.369935
10.0,10,3.372286
9.0,9,3.373984
12.0,12,3.376342
10.0,10,3.378053
10.0,10,3.380286
8.0,8,3.381866
10.0,10,3.383809
9.0,9,3.3862
9.0,9,3.388143
9.0,9,3.389868
10.0,10,3.392096
8.0,8,3.393623
10.0,10,3.395408
10.0,10,3.397695
10.0,10,3.399457
10.0,10,3.401675
10.0,10,3.403552
10.0,10,3.406017
15.0,15,3.408562
9.0,9,3.410656
10.0,10,3.412514
9.0,9,3.414209
10.0,10,3.416475
9.0,9,3.418113
12.0,12,3.420574
9.0,9,3.422242
10.0,10,3.424501
12.0,12,3.426921
9.0,9,3.428568
10.0,10,3.430783
8.0,8,3.432343
10.0,10,3.434099
10.0,10,3.436368
10.0,10,3.438137
13.0,13,3.440586
10.0,10,3.442764
9.0,9,3.444474
10.0,10,3.446737
10.0,10,3.448479
10.0,10,3.450686
10.0,10,3.452473
8.0,8,3.454182
9.0,9,3.456064
10.0,10,3.458321
8.0,8,3.460104
8.0,8,3.461829
9.0,9,3.463493
10.0,10,3.465715
11.0,11,3.467558
10.0,10,3.469841
9.0,9,3.471552
10.0,10,3.473805
10.0,10,3.476756
10.0,10,3.478997
9.0,9,3.48098
10.0,10,3.482725
9.0,9,3.48489
11.0,11,3.48715
12.0,12,3.489525
10.0,10,3.491784
9.0,9,3.493412
10.0,10,3.49572
10.0,10,3.49757
9.0,9,3.499236
9.0,9,3.501406
9.0,9,3.503152
8.0,8,3.504796
9.0,9,3.506438
10.0,10,3.508715
9.0,9,3.510353
9.0,9,3.512026
10.0,10,3.514314
10.0,10,3.516088
10.0,10,3.518367
9.0,9,3.520136
8.0,8,3.521792
11.0,11,3.5241
9.0,9,3.525803
9.0,9,3.527431
9.0,9,3.529177
10.0,10,3.531584
9.0,9,3.533216
10.0,10,3.53545
8.0,8,3.53721
11.0,11,3.538989
9.0,9,3.541145
12.0,12,3.543416
9.0,9,3.545046
9.0,9,3.546816
9.0,9,3.5485
8.0,8,3.55007
10.0,10,3.552267
9.0,9,3.554107
10.0,10,3.556664
10.0,10,3.558482
10.0,10,3.560848
10.0,10,3.562663
9.0,9,3.564443
9.0,9,3.566702
10.0,10,3.568524
11.0,11,3.571105
10.0,10,3.572932
10.0,10,3.578986
10.0,10,3.580877
11.0,11,3.583323
10.0,10,3.585674
9.0,9,3.587537
9.0,9,3.5893
11.0,11,3.591623
9.0,9,3.593389
10.0,10,3.595604
9.0,9,3.597276
9.0,9,3.599039
9.0,9,3.600908
10.0,10,3.603333
9.0,9,3.605345
8.0,8,3.607082
10.0,10,3.609402
9.0,9,3.611262
9.0,9,3.612978
8.0,8,3.614749
9.0,9,3.616428
11.0,11,3.618762
10.0,10,3.62133
10.0,10,3.623139
12.0,12,3.625558
8.0,8,3.627262
9.0,9,3.628968
9.0,9,3.631163
9.0,9,3.632944
9.0,9,3.634692
9.0,9,3.636441
9.0,9,3.639109
10.0,10,3.640855
8.0,8,3.642625
9.0,9,3.644296
12.0,12,3.646658
10.0,10,3.648803
9.0,9,3.650628
10.0,10,3.652991
10.0,10,3.65511
9.0,9,3.657054
10.0,10,3.659439
9.0,9,3.661133
11.0,11,3.663593
10.0,10,3.665298
11.0,11,3.667705
9.0,9,3.669447
8.0,8,3.671281
9.0,9,3.684634
9.0,9,3.698014
11.0,11,3.709172
9.0,9,3.71118
12.0,12,3.713814
11.0,11,3.716418
10.0,10,3.718183
10.0,10,3.720632
11.0,11,3.722423
10.0,10,3.72479
8.0,8,3.726428
10.0,10,3.728272
10.0,10,3.730612
9.0,9,3.732349
9.0,9,3.733932
10.0,10,3.736401
12.0,12,3.738923
9.0,9,3.740595
9.0,9,3.742311
9.0,9,3.744487
10.0,10,3.746292
11.0,11,3.748589
8.0,8,3.750239
9.0,9,3.752091
12.0,12,3.754961
9.0,9,3.756825
8.0,8,3.758477
10.0,10,3.760768
10.0,10,3.762485
9.0,9,3.764736
10.0,10,3.766544
9.0,9,3.768283
10.0,10,3.770807
9.0,9,3.772537
9.0,9,3.774229
8.0,8,3.775871
10.0,10,3.778085
10.0,10,3.780187
9.0,9,3.782421
9.0,9,3.784145
10.0,10,3.785876
9.0,9,3.788119
9.0,9,3.789902
10.0,10,3.791723
10.0,10,3.794701
10.0,10,3.79663
9.0,9,3.79885
11.0,11,3.800669
8.0,8,3.802242
10.0,10,3.804791
9.0,9,3.806512
10.0,10,3.808748
9.0,9,3.810418
10.0,10,3.812236
10.0,10,3.814375
9.0,9,3.816123
10.0,10,3.818382
9.0,9,3.820337
10.0,10,3.822191
10.0,10,3.824426
10.0,10,3.826116
9.0,9,3.828326
9.0,9,3.830035
10.0,10,3.831812
11.0,11,3.834018
9.0,9,3.835716
9.0,9,3.838226
10.0,10,3.840177
8.0,8,3.841876
8.0,8,3.843473
10.0,10,3.845746
9.0,9,3.847485
9.0,9,3.849078
10.0,10,3.851286
9.0,9,3.853018
10.0,10,3.854893
10.0,10,3.857171
9.0,9,3.858882
8.0,8,3.86044
8.0,8,3.862062
13.0,13,3.864387
9.0,9,3.866505
8.0,8,3.868091
9.0,9,3.869816
10.0,10,3.87181
11.0,11,3.874303
9.0,9,3.875966
9.0,9,3.878124
10.0,10,3.879819
10.0,10,3.887645
8.0,8,3.889164
10.0,10,3.89094
10.0,10,3.893127
10.0,10,3.894927
8.0,8,3.896639
10.0,10,3.898951
10.0,10,3.900677
8.0,8,3.902246
9.0,9,3.904097
9.0,9,3.906382
10.0,10,3.908152
10.0,10,3.910378
12.0,12,3.912732
9.0,9,3.915733
10.0,10,3.917485
9.0,9,3.919708
9.0,9,3.921457
10.0,10,3.923173
10.0,10,3.925539
9.0,9,3.927238
9.0,9,3.928942
10.0,10,3.931177
10.0,10,3.932924
10.0,10,3.935159
10.0,10,3.93703
11.0,11,3.939361
10.0,10,3.941622
10.0,10,3.943268
8.0,8,3.944828
9.0,9,3.946523
12.0,12,3.948884
10.0,10,3.951081
10.0,10,3.952817
9.0,9,3.95504
9.0,9,3.956787
9.0,9,3.958381
10.0,10,3.960578
11.0,11,3.96239
11.0,11,3.964658
9.0,9,3.966284
9.0,9,3.968438
10.0,10,3.970206
9.0,9,3.972131
8.0,8,3.97379
10.0,10,3.976044
10.0,10,3.977825
10.0,10,3.980053
10.0,10,3.981744
9.0,9,3.983847
10.0,10,3.985608
10.0,10,3.988009
9.0,9,3.989732
9.0,9,3.991434
10.0,10,3.99372
9.0,9,3.995469
9.0,9,3.997171
10.0,10,3.999581
10.0,10,4.00137
10.0,10,4.003764
10.0,10,4.005574
11.0,11,4.007872
9.0,9,4.009577
10.0,10,4.011702
10.0,10,4.013421
9.0,9,4.015136
10.0,10,4.017337
10.0,10,4.019095
10.0,10,4.021425
8.0,8,4.02302
8.0,8,4.02465
9.0,9,4.026227
8.0,8,4.027772
9.0,9,4.029447
9.0,9,4.035496
9.0,9,4.037353
10.0,10,4.039232
8.0,8,4.040907
9.0,9,4.043184
10.0,10,4.045033
10.0,10,4.047382
15.0,15,4.049842
8.0,8,4.051427
9.0,9,4.053698
10.0,10,4.055445
9.0,9,4.057171
10.0,10,4.059414
11.0,11,4.061698
9.0,9,4.063427
10.0,10,4.065159
10.0,10,4.067414
9.0,9,4.069051
9.0,9,4.070852
9.0,9,4.073222
10.0,10,4.074976
10.0,10,4.077187
11.0,11,4.079021
10.0,10,4.081266
10.0,10,4.083051
10.0,10,4.085294
10.0,10,4.087161
9.0,9,4.089358
9.0,9,4.091142
10.0,10,4.092935
10.0,10,4.095262
9.0,9,4.096923
10.0,10,4.099312
9.0,9,4.100962
9.0,9,4.102789
10.0,10,4.105215
9.0,9,4.106944
8.0,8,4.108558
10.0,10,4.110287
10.0,10,4.112599
9.0,9,4.114348
9.0,9,4.116035
8.0,8,4.117625
8.0,8,4.119242
10.0,10,4.121581
9.0,9,4.123278
10.0,10,4.125412
10.0,10,4.127321
9.0,9,4.129071
9.0,9,4.131237
10.0,10,4.132974
9.0,9,4.13468
11.0,11,4.137166
10.0,10,4.13942
9.0,9,4.141107
9.0,9,4.142803
9.0,9,4.144528
10.0,10,4.14676
10.0,10,4.148504
10.0,10,4.150709
10.0,10,4.152518
9.0,9,4.154843
11.0,11,4.156666
9.0,9,4.159005
10.0,10,4.160861
9.0,9,4.162542
10.0,10,4.164792
10.0,10,4.166556
10.0,10,4.168912
8.0,8,4.170672
9.0,9,4.172499
9.0,9,4.174241
10.0,10,4.176583
10.0,10,4.178401
11.0,11,4.180894
9.0,9,4.182595
9.0,9,4.18509
12.0,12,4.187797
9.0,9,4.189566
10.0,10,4.191389
9.0,9,4.19358
9.0,9,4.195306
9.0,9,4.196989
10.0,10,4.199272
9.0,9,4.201049
8.0,8,4.202673
11.0,11,4.205379
10.0,10,4.207577
9.0,9,4.209419
10.0,10,4.211723
10.0,10,4.213492
10.0,10,4.215844
10.0,10,4.21764
9.0,9,4.220033
9.0,9,4.221958
10.0,10,4.223797
9.0,9,4.226184
10.0,10,4.228023
10.0,10,4.230373
10.0,10,4.232253
11.0,11,4.234979
9.0,9,4.236839
12.0,12,4.239529
10.0,10,4.241823
9.0,9,4.243625
9.0,9,4.245345
10.0,10,4.248099
8.0,8,4.249806
9.0,9,4.251477
9.0,9,4.253222
10.0,10,4.256024
10.0,10,4.25803
10.0,10,4.260351
10.0,10,4.262129
9.0,9,4.263887
8.0,8,4.265644
11.0,11,4.268036
8.0,8,4.269776
9.0,9,4.271697
8.0,8,4.273605
13.0,13,4.276557
9.0,9,4.278245
10.0,10,4.280026
10.0,10,4.282349
10.0,10,4.28411
9.0,9,4.286438
10.0,10,4.288382
9.0,9,4.290107
10.0,10,4.292363
10.0,10,4.294103
10.0,10,4.296442
9.0,9,4.298177
10.0,10,4.300428
10.0,10,4.302285
8.0,8,4.304107
10.0,10,4.306434
9.0,9,4.308146
9.0,9,4.30981
9.0,9,4.311436
8.0,8,4.313012
10.0,10,4.315359
10.0,10,4.317087
11.0,11,4.319352
9.0,9,4.32129
8.0,8,4.323004
9.0,9,4.325234
9.0,9,4.326919
10.0,10,4.328627
9.0,9,4.33087
8.0,8,4.332447
10.0,10,4.334158
9.0,9,4.33591
10.0,10,4.338423
9.0,9,4.340115
10.0,10,4.342365
9.0,9,4.344052
10.0,10,4.345889
9.0,9,4.34804
12.0,12,4.350449
9.0,9,4.352096
9.0,9,4.354007
9.0,9,4.355731
11.0,11,4.358046
10.0,10,4.360318
8.0,8,4.362068
9.0,9,4.363728
10.0,10,4.365497
9.0,9,4.367571
10.0,10,4.369422
9.0,9,4.371351
8.0,8,4.373123
10.0,10,4.375451
9.0,9,4.377094
10.0,10,4.379338
11.0,11,4.381117
8.0,8,4.38276
9.0,9,4.384972
9.0,9,4.386765
11.0,11,4.389105
11.0,11,4.390976
10.0,10,4.393242
10.0,10,4.394988
8.0,8,4.396532
9.0,9,4.398671
13.0,13,4.401099
10.0,10,4.402865
12.0,12,4.405316
11.0,11,4.407627
8.0,8,4.409289
10.0,10,4.41161
9.0,9,4.413315
12.0,12,4.415622
11.0,11,4.418045
9.0,9,4.419789
8.0,8,4.421528
8.0,8,4.423096
10.0,10,4.424868
9.0,9,4.427151
10.0,10,4.428887
11.0,11,4.431121
10.0,10,4.432953
9.0,9,4.435301
9.0,9,4.437143
10.0,10,4.438949
10.0,10,4.441334
8.0,8,4.443102
9.0,9,4.444821
9.0,9,4.446463
9.0,9,4.452904
10.0,10,4.454787
9.0,9,4.45658
12.0,12,4.45898
10.0,10,4.461279
9.0,9,4.462963
11.0,11,4.46518
10.0,10,4.466976
9.0,9,4.469283
13.0,13,4.471938
8.0,8,4.473574
9.0,9,4.475438
10.0,10,4.477669
9.0,9,4.479393
9.0,9,4.481091
10.0,10,4.483271
10.0,10,4.485008
10.0,10,4.487356
10.0,10,4.489108
10.0,10,4.491379
10.0,10,4.493184
9.0,9,4.494885
9.0,9,4.49701
10.0,10,4.498877
8.0,8,4.500511
9.0,9,4.502182
8.0,8,4.503956
10.0,10,4.506214
9.0,9,4.507925
10.0,10,4.510166
10.0,10,4.511903
9.0,9,4.513539
9.0,9,4.515681
9.0,9,4.517353
8.0,8,4.519028
8.0,8,4.52071
10.0,10,4.52261
9.0,9,4.524822
10.0,10,4.526589
9.0,9,4.52823
11.0,11,4.530486
9.0,9,4.532216
10.0,10,4.534406
10.0,10,4.536194
10.0,10,4.538675
9.0,9,4.540332
11.0,11,4.542599
9.0,9,4.544291
9.0,9,4.545974
9.0,9,4.548135
10.0,10,4.549881
10.0,10,4.552112
10.0,10,4.554011
10.0,10,4.556405
10.0,10,4.558216
10.0,10,4.560451
9.0,9,4.562186
9.0,9,4.563858
10.0,10,4.56611
8.0,8,4.567751
10.0,10,4.569588
11.0,11,4.572253
10.0,10,4.573938
9.0,9,4.576051
8.0,8,4.577635
10.0,10,4.57932
10.0,10,4.581528
11.0,11,4.583308
10.0,10,4.585556
10.0,10,4.587415
8.0,8,4.588991
9.0,9,4.591163
10.0,10,4.592994
9.0,9,4.594696
10.0,10,4.596915
12.0,12,4.599167
8.0,8,4.600894
11.0,11,4.603342
9.0,9,4.605023
9.0,9,4.606742
10.0,10,4.608986
10.0,10,4.610709
11.0,11,4.612951
9.0,9,4.614593
10.0,10,4.616797
10.0,10,4.618499
9.0,9,4.620324
10.0,10,4.622549
10.0,10,4.624366
9.0,9,4.626513
9.0,9,4.628152
9.0,9,4.629832
10.0,10,4.63215
9.0,9,4.633795
10.0,10,4.635562
8.0,8,4.637248
10.0,10,4.639526
10.0,10,4.641273
10.0,10,4.643507
11.0,11,4.645804
10.0,10,4.647577
10.0,10,4.649824
10.0,10,4.65159
10.0,10,4.654428
8.0,8,4.656051
10.0,10,4.657857
9.0,9,4.659639
10.0,10,4.661909
9.0,9,4.663651
9.0,9,4.665255
10.0,10,4.668004
9.0,9,4.669709
11.0,11,4.672474
9.0,9,4.674216
11.0,11,4.67662
9.0,9,4.67831
9.0,9,4.680006
9.0,9,4.682092
12.0,12,4.684427
10.0,10,4.686317
10.0,10,4.689072
10.0,10,4.690924
8.0,8,4.692542
10.0,10,4.694717
10.0,10,4.696525
11.0,11,4.69897
10.0,10,4.700929
9.0,9,4.703417
10.0,10,4.705248
10.0,10,4.707448
10.0,10,4.710374
10.0,10,4.71265
8.0,8,4.714325
10.0,10,4.716094
10.0,10,4.72027
8.0,8,4.721963
9.0,9,4.723688
9.0,9,4.72543
10.0,10,4.727677
10.0,10,4.729382
9.0,9,4.731063
9.0,9,4.733235
10.0,10,4.735188
10.0,10,4.73764
10.0,10,4.73946
11.0,11,4.74182
10.0,10,4.743587
9.0,9,4.745756
9.0,9,4.747463
9.0,9,4.749172
10.0,10,4.75136
9.0,9,4.753157
10.0,10,4.755057
11.0,11,4.757312
10.0,10,4.759562
8.0,8,4.76107
9.0,9,4.762772
9.0,9,4.764496
10.0,10,4.766915
10.0,10,4.76881
8.0,8,4.770589
10.0,10,4.773085
9.0,9,4.774858
9.0,9,4.776483
8.0,8,4.778139
9.0,9,4.77984
8.0,8,4.781457
9.0,9,4.783607
10.0,10,4.785438
10.0,10,4.787797
10.0,10,4.789591
9.0,9,4.791324
10.0,10,4.793703
10.0,10,4.795461
9.0,9,4.797698
8.0,8,4.799352
10.0,10,4.801249
10.0,10,4.803755
10.0,10,4.805563
8.0,8,4.807236
9.0,9,4.808892
9.0,9,4.811105
11.0,11,4.812864
9.0,9,4.815045
12.0,12,4.817419
10.0,10,4.819163
10.0,10,4.821541
10.0,10,4.823373
9.0,9,4.824993
9.0,9,4.827151
10.0,10,4.828819
10.0,10,4.831081
9.0,9,4.832812
9.0,9,4.83444
12.0,12,4.836992
10.0,10,4.83937
9.0,9,4.841149
10.0,10,4.84292
10.0,10,4.845066
11.0,11,4.847367
10.0,10,4.849294
9.0,9,4.851001
9.0,9,4.853256
10.0,10,4.855667
9.0,9,4.857679
9.0,9,4.859931
9.0,9,4.861584
9.0,9,4.863309
9.0,9,4.865204
10.0,10,4.87252
9.0,9,4.874622
10.0,10,4.877146
10.0,10,4.879072
10.0,10,4.881552
9.0,9,4.883295
9.0,9,4.885019
9.0,9,4.886918
9.0,9,4.889513
11.0,11,4.891515
10.0,10,4.893761
9.0,9,4.89552
10.0,10,4.897789
9.0,9,4.899555
10.0,10,4.901381
10.0,10,4.904016
9.0,9,4.906151
10.0,10,4.908649
10.0,10,4.910409
10.0,10,4.912717
10.0,10,4.914432
10.0,10,4.916743
8.0,8,4.918345
9.0,9,4.920281
10.0,10,4.922549
10.0,10,4.924979
9.0,9,4.926692
10.0,10,4.929054
10.0,10,4.930803
8.0,8,4.932462
9.0,9,4.934122
9.0,9,4.936412
10.0,10,4.938567
10.0,10,4.941187
11.0,11,4.943114
9.0,9,4.945321
9.0,9,4.947072
10.0,10,4.948844
11.0,11,4.951169
9.0,9,4.952931
9.0,9,4.955657
8.0,8,4.95748
9.0,9,4.959183
9.0,9,4.960952
8.0,8,4.962588
10.0,10,4.964945
10.0,10,4.96673
8.0,8,4.968375
10.0,10,4.970781
9.0,9,4.973036
9.0,9,4.974951
10.0,10,4.977329
10.0,10,4.979121
9.0,9,4.980792
8.0,8,4.982514
8.0,8,4.984134
9.0,9,4.986373
10.0,10,4.988306
10.0,10,4.991007
10.0,10,4.992864
8.0,8,4.994461
11.0,11,4.996869
10.0,10,4.998704
10.0,10,5.001019
10.0,10,5.002845
10.0,10,5.005633
9.0,9,5.007604
9.0,9,5.009588
10.0,10,5.012028
8.0,8,5.013642
10.0,10,5.015439
8.0,8,5.017155
10.0,10,5.019513
12.0,12,5.022106
12.0,12,5.025171
11.0,11,5.028115
11.0,11,5.030081
9.0,9,5.033892
10.0,10,5.036722
11.0,11,5.039873
9.0,9,5.041818
9.0,9,5.043673
9.0,9,5.045959
12.0,12,5.048466
10.0,10,5.050169
11.0,11,5.052662
9.0,9,5.05456
9.0,9,5.056791
10.0,10,5.059509
11.0,11,5.062153
9.0,9,5.064061
10.0,10,5.065961
8.0,8,5.067703
9.0,9,5.070144
9.0,9,5.072594
10.0,10,5.074762
10.0,10,5.077033
10.0,10,5.078914
11.0,11,5.081255
9.0,9,5.082976
8.0,8,5.084731
9.0,9,5.087725
10.0,10,5.089993
10.0,10,5.092574
10.0,10,5.094374
10.0,10,5.096722
9.0,9,5.098465
9.0,9,5.100264
10.0,10,5.102483
9.0,9,5.104715
9.0,9,5.10675
8.0,8,5.1086
9.0,9,5.110402
10.0,10,5.112699
10.0,10,5.114432
11.0,11,5.11681
10.0,10,5.118977
10.0,10,5.121099
11.0,11,5.123935
12.0,12,5.12633
10.0,10,5.135037
11.0,11,5.13777
9.0,9,5.139884
9.0,9,5.142142
9.0,9,5.143871
9.0,9,5.145531
9.0,9,5.147453
10.0,10,5.149823
10.0,10,5.151557
14.0,14,5.154937
9.0,9,5.157009
9.0,9,5.158837
10.0,10,5.161184
10.0,10,5.162878
10.0,10,5.165257
11.0,11,5.167817
12.0,12,5.170495
10.0,10,5.172515
11.0,11,5.174883
10.0,10,5.177189
8.0,8,5.178852
8.0,8,5.180549
10.0,10,5.182829
9.0,9,5.185024
9.0,9,5.190423
10.0,10,5.192788
10.0,10,5.194529
10.0,10,5.196958
10.0,10,5.19881
8.0,8,5.200461
11.0,11,5.202935
9.0,9,5.20502
10.0,10,5.207619
10.0,10,5.209384
12.0,12,5.211787
11.0,11,5.214168
11.0,11,5.216647
9.0,9,5.21834
10.0,10,5.220852
10.0,10,5.22298
8.0,8,5.224787
10.0,10,5.227121
10.0,10,5.228826
11.0,11,5.2312
10.0,10,5.232962
11.0,11,5.235395
9.0,9,5.237333
11.0,11,5.239883
10.0,10,5.242224
9.0,9,5.243919
10.0,10,5.245717
9.0,9,5.247929
10.0,10,5.249605
9.0,9,5.251355
8.0,8,5.253067
9.0,9,5.255343
10.0,10,5.257144
10.0,10,5.259477
11.0,11,5.261361
9.0,9,5.263819
10.0,10,5.26558
9.0,9,5.267256
10.0,10,5.269644
10.0,10,5.271484
9.0,9,5.2738
11.0,11,5.275656
9.0,9,5.277802
10.0,10,5.279539
9.0,9,5.281134
9.0,9,5.283302
10.0,10,5.285031
25.0,25,5.290056
10.0,10,5.292313
9.0,9,5.294025
10.0,10,5.296189
10.0,10,5.297991
10.0,10,5.30016
10.0,10,5.30189
10.0,10,5.304169
10.0,10,5.305947
9.0,9,5.307562
9.0,9,5.309731
10.0,10,5.3115
11.0,11,5.313862
10.0,10,5.315566
9.0,9,5.321699
11.0,11,5.323652
10.0,10,5.326075
10.0,10,5.32782
10.0,10,5.330085
10.0,10,5.331815
10.0,10,5.334084
9.0,9,5.335764
9.0,9,5.337546
9.0,9,5.339803
10.0,10,5.341535
9.0,9,5.343168
11.0,11,5.345422
10.0,10,5.347671
10.0,10,5.349448
10.0,10,5.351626
10.0,10,5.353463
11.0,11,5.35581
10.0,10,5.357558
10.0,10,5.35981
9.0,9,5.361449
10.0,10,5.36366
10.0,10,5.365556
10.0,10,5.367791
10.0,10,5.369619
10.0,10,5.371922
8.0,8,5.373531
10.0,10,5.375307
9.0,9,5.37689
10.0,10,5.379132
9.0,9,5.380749
10.0,10,5.382988
10.0,10,5.384731
10.0,10,5.387019
9.0,9,5.388911
10.0,10,5.390703
12.0,12,5.392991
9.0,9,5.39513
10.0,10,5.396942
8.0,8,5.398457
10.0,10,5.400725
12.0,12,5.403237
10.0,10,5.405121
10.0,10,5.407373
9.0,9,5.409065
10.0,10,5.410818
11.0,11,5.41307
9.0,9,5.414692
8.0,8,5.41625
11.0,11,5.418613
9.0,9,5.42049
9.0,9,5.422824
10.0,10,5.424665
9.0,9,5.426397
10.0,10,5.428688
10.0,10,5.43046
10.0,10,5.4327
10.0,10,5.434434
9.0,9,5.436665
9.0,9,5.438311
8.0,8,5.43984
10.0,10,5.441574
9.0,9,5.443738
11.0,11,5.44555
11.0,11,5.447824
12.0,12,5.450166
8.0,8,5.451743
11.0,11,5.454077
10.0,10,5.455805
10.0,10,5.457987
9.0,9,5.459645
10.0,10,5.46189
10.0,10,5.463621
10.0,10,5.465889
9.0,9,5.467707
9.0,9,5.469473
8.0,8,5.47118
9.0,9,5.472895
9.0,9,5.475076
10.0,10,5.476817
10.0,10,5.479046
10.0,10,5.48085
10.0,10,5.483199
9.0,9,5.484875
9.0,9,5.486589
9.0,9,5.488378
9.0,9,5.490615
10.0,10,5.492329
9.0,9,5.49398
9.0,9,5.496124
10.0,10,5.497911
8.0,8,5.499445
10.0,10,5.501691
10.0,10,5.503544
8.0,8,5.505201
10.0,10,5.50744
9.0,9,5.50911
9.0,9,5.510868
9.0,9,5.512614
9.0,9,5.514717
9.0,9,5.516416
10.0,10,5.518189
8.0,8,5.519893
9.0,9,5.522462
10.0,10,5.524258
9.0,9,5.525979
9.0,9,5.528167
9.0,9,5.529813
10.0,10,5.531545
9.0,9,5.533735
10.0,10,5.536002
9.0,9,5.537987
10.0,10,5.540459
8.0,8,5.542101
11.0,11,5.544502
11.0,11,5.546396
30.0,30,5.552628
9.0,9,5.55447
12.0,12,5.55689
8.0,8,5.558492
10.0,10,5.560761
9.0,9,5.562439
10.0,10,5.564211
12.0,12,5.56652
9.0,9,5.568658
10.0,10,5.570632
9.0,9,5.57242
10.0,10,5.574712
8.0,8,5.576362
8.0,8,5.577926
11.0,11,5.580195
10.0,10,5.581948
8.0,8,5.58358
10.0,10,5.58579
9.0,9,5.587711
9.0,9,5.589495
9.0,9,5.591189
9.0,9,5.59335
9.0,9,5.595081
9.0,9,5.596797
10.0,10,5.599043
9.0,9,5.600715
11.0,11,5.603212
9.0,9,5.604936
8.0,8,5.606513
10.0,10,5.60824
10.0,10,5.610498
9.0,9,5.6121
10.0,10,5.614358
9.0,9,5.616042
10.0,10,5.617824
8.0,8,5.619478
10.0,10,5.621662
8.0,8,5.623247
10.0,10,5.625004
23.0,23,5.629613
12.0,12,5.631942
10.0,10,5.634062
11.0,11,5.635943
9.0,9,5.638109
9.0,9,5.639814
9.0,9,5.641509
12.0,12,5.643915
9.0,9,5.645564
9.0,9,5.647651
10.0,10,5.649346
12.0,12,5.651686
9.0,9,5.653382
9.0,9,5.655535
10.0,10,5.657228
9.0,9,5.658845
11.0,11,5.661143
10.0,10,5.66336
9.0,9,5.665015
9.0,9,5.66669
9.0,9,5.668288
10.0,10,5.670586
10.0,10,5.672415
9.0,9,5.674646
9.0,9,5.676354
10.0,10,5.678124
9.0,9,5.680307
8.0,8,5.681902
10.0,10,5.683655
10.0,10,5.685846
10.0,10,5.687809
9.0,9,5.689579
9.0,9,5.691828
10.0,10,5.69359
11.0,11,5.695912
10.0,10,5.697687
10.0,10,5.699926
12.0,12,5.702292
10.0,10,5.704172
9.0,9,5.70638
12.0,12,5.708706
10.0,10,5.710485
10.0,10,5.712711
9.0,9,5.714436
10.0,10,5.716179
10.0,10,5.718367
9.0,9,5.720271
10.0,10,5.722602
10.0,10,5.724287
9.0,9,5.729982
8.0,8,5.731604
10.0,10,5.733909
8.0,8,5.735573
11.0,11,5.737992
11.0,11,5.739936
9.0,9,5.742075
10.0,10,5.74381
9.0,9,5.745422
10.0,10,5.747618
10.0,10,5.749371
10.0,10,5.751586
10.0,10,5.753483
10.0,10,5.75574
9.0,9,5.757509
10.0,10,5.759781
10.0,10,5.761539
9.0,9,5.763173
10.0,10,5.765353
9.0,9,5.766936
10.0,10,5.769146
9.0,9,5.770952
9.0,9,5.772616
11.0,11,5.774758
9.0,9,5.776398
10.0,10,5.778581
11.0,11,5.780471
10.0,10,5.7827
9.0,9,5.784321
10.0,10,5.786693
11.0,11,5.788761
11.0,11,5.791095
12.0,12,5.793521
9.0,9,5.79517
11.0,11,5.797506
8.0,8,5.799143
11.0,11,5.80141
10.0,10,5.803251
9.0,9,5.805494
10.0,10,5.807169
9.0,9,5.808827
8.0,8,5.810441
9.0,9,5.812649
8.0,8,5.814249
10.0,10,5.815943
10.0,10,5.818224
8.0,8,5.819926
9.0,9,5.821775
9.0,9,5.823537
9.0,9,5.825289
10.0,10,5.827636
9.0,9,5.829319
10.0,10,5.831554
9.0,9,5.833306
11.0,11,5.835668
11.0,11,5.837639
10.0,10,5.839849
10.0,10,5.84168
10.0,10,5.843852
9.0,9,5.845577
28.0,28,5.851391
15.0,15,5.85469
12.0,12,5.85728
15.0,15,5.860615
27.0,27,5.865703
30.0,30,5.87216
15.0,15,5.875792
27.0,27,5.880784
27.0,27,5.886455
26.0,26,5.892424
27.0,27,5.89754
10.0,10,5.899883
30.0,30,5.905991
13.0,13,5.909089
29.0,29,5.914837
14.0,14,5.91739
27.0,27,5.923305
11.0,11,5.92585
12.0,12,5.928372
12.0,12,5.931221
10.0,10,5.933024
11.0,11,5.935417
13.0,13,5.938192
8.0,8,5.939857
11.0,11,5.942148
30.0,30,5.949066
10.0,10,5.950989
10.0,10,5.953455
12.0,12,5.956107
10.0,10,5.957879
9.0,9,5.959587
8.0,8,5.961317
9.0,9,5.963708
9.0,9,5.965466
10.0,10,5.967293
10.0,10,5.969666
8.0,8,5.971455
10.0,10,5.973269
8.0,8,5.974912
9.0,9,5.977199
10.0,10,5.978934
9.0,9,5.980751
11.0,11,5.98301
25.0,25,5.988018
10.0,10,5.990336
11.0,11,5.992551
9.0,9,5.994388
12.0,12,5.997007
9.0,9,5.998909
11.0,11,6.00118
12.0,12,6.003676
10.0,10,6.005564
8.0,8,6.007239
9.0,9,6.00938
9.0,9,6.011094
9.0,9,6.012748
14.0,14,6.015717
11.0,11,6.017491
9.0,9,6.01974
9.0,9,6.021467
9.0,9,6.023143
11.0,11,6.025458
10.0,10,6.027201
9.0,9,6.029312
10.0,10,6.031161
10.0,10,6.03356
10.0,10,6.035429
11.0,11,6.038131
10.0,10,6.039972
10.0,10,6.042264
9.0,9,6.044059
10.0,10,6.046285
10.0,10,6.04796
9.0,9,6.049643
10.0,10,6.051969
8.0,8,6.053698
9.0,9,6.055365
10.0,10,6.0576
10.0,10,6.059411
9.0,9,6.061112
9.0,9,6.063337
9.0,9,6.065157
9.0,9,6.066965
10.0,10,6.069312
10.0,10,6.071226
9.0,9,6.072956
10.0,10,6.075188
10.0,10,6.076953
11.0,11,6.079286
9.0,9,6.08095
11.0,11,6.083185
9.0,9,6.084904
10.0,10,6.087265
27.0,27,6.092834
27.0,27,6.097852
26.0,26,6.103776
27.0,27,6.10969
10.0,10,6.111473
10.0,10,6.113714
9.0,9,6.115425
9.0,9,6.11714
20.0,20,6.121197
8.0,8,6.122842
9.0,9,6.124568
8.0,8,6.126176
9.0,9,6.12822
13.0,13,6.130775
10.0,10,6.132638
10.0,10,6.135048
9.0,9,6.136943
9.0,9,6.138651
10.0,10,6.141058
10.0,10,6.150041
12.0,12,6.152659
9.0,9,6.155127
9.0,9,6.156997
9.0,9,6.158713
25.0,25,6.163633
9.0,9,6.165905
10.0,10,6.167698
9.0,9,6.169352
11.0,11,6.171962
10.0,10,6.174421
10.0,10,6.176169
8.0,8,6.177748
10.0,10,6.180001
10.0,10,6.181922
10.0,10,6.184194
10.0,10,6.185951
9.0,9,6.187762
26.0,26,6.193487
11.0,11,6.195804
13.0,13,6.198329
26.0,26,6.203335
10.0,10,6.205834
9.0,9,6.207615
10.0,10,6.20987
10.0,10,6.211641
10.0,10,6.214082
10.0,10,6.215874
10.0,10,6.217993
10.0,10,6.219802
8.0,8,6.221682
8.0,8,6.223363
9.0,9,6.225056
9.0,9,6.227321
10.0,10,6.229187
9.0,9,6.230902
9.0,9,6.233077
10.0,10,6.234864
10.0,10,6.2374
8.0,8,6.239105
10.0,10,6.240912
11.0,11,6.243277
10.0,10,6.245062
10.0,10,6.247392
8.0,8,6.249116
9.0,9,6.250835
9.0,9,6.252552
9.0,9,6.254986
10.0,10,6.262572
9.0,9,6.26442
10.0,10,6.266709
9.0,9,6.26843
11.0,11,6.271062
12.0,12,6.273623
10.0,10,6.275509
9.0,9,6.277716
8.0,8,6.279388
9.0,9,6.281186
10.0,10,6.282946
8.0,8,6.284812
8.0,8,6.28683
10.0,10,6.290463
9.0,9,6.292175
10.0,10,6.294564
11.0,11,6.296432
11.0,11,6.298797
9.0,9,6.30049
9.0,9,6.302854
10.0,10,6.304767
10.0,10,6.307066
27.0,27,6.312147
31.0,31,6.318458
27.0,27,6.324427
11.0,11,6.32693
11.0,11,6.328817
10.0,10,6.331095
9.0,9,6.332807
9.0,9,6.334594
11.0,11,6.337166
14.0,14,6.340149
8.0,8,6.341755
8.0,8,6.343488
8.0,8,6.345187
8.0,8,6.34679
10.0,10,6.348892
12.0,12,6.35137
10.0,10,6.353828
10.0,10,6.355601
11.0,11,6.357802
27.0,27,6.363946
26.0,26,6.368915
13.0,13,6.371745
26.0,26,6.377466
23.0,23,6.382134
9.0,9,6.383955
10.0,10,6.385723
9.0,9,6.388171
10.0,10,6.389993
10.0,10,6.392374
10.0,10,6.39416
8.0,8,6.395771
13.0,13,6.398122
10.0,10,6.400557
9.0,9,6.402235
10.0,10,6.404788
9.0,9,6.40647
8.0,8,6.408292
8.0,8,6.40986
10.0,10,6.411667
10.0,10,6.413932
9.0,9,6.415727
8.0,8,6.417356
9.0,9,6.419003
9.0,9,6.421462
9.0,9,6.423232
9.0,9,6.425019
10.0,10,6.42731
8.0,8,6.428942
10.0,10,6.430716
9.0,9,6.432511
9.0,9,6.434705
8.0,8,6.436414
10.0,10,6.438376
9.0,9,6.440101
10.0,10,6.442367
10.0,10,6.444112
9.0,9,6.446256
11.0,11,6.44812
9.0,9,6.450291
10.0,10,6.452032
10.0,10,6.454551
11.0,11,6.456447
12.0,12,6.458823
10.0,10,6.46115
10.0,10,6.462868
10.0,10,6.465227
10.0,10,6.466985
11.0,11,6.469372
9.0,9,6.471366
9.0,9,6.473675
9.0,9,6.475369
26.0,26,6.480418
30.0,30,6.48667
10.0,10,6.48879
24.0,24,6.493754
25.0,25,6.499083
29.0,29,6.505072
10.0,10,6.50688
11.0,11,6.509262
13.0,13,6.511707
10.0,10,6.513926
10.0,10,6.515657
12.0,12,6.517961
10.0,10,6.52034
11.0,11,6.522837
11.0,11,6.524602
24.0,24,6.52933
11.0,11,6.531683
11.0,11,6.534012
10.0,10,6.535753
10.0,10,6.538447
10.0,10,6.540315
9.0,9,6.542536
10.0,10,6.544373
10.0,10,6.546577
10.0,10,6.548323
11.0,11,6.550591
24.0,24,6.555468
12.0,12,6.557841
10.0,10,6.559591
9.0,9,6.561832
10.0,10,6.56359
9.0,9,6.565277
10.0,10,6.567536
10.0,10,6.569445
10.0,10,6.579349
9.0,9,6.581275
23.0,23,6.586123
9.0,9,6.588128
10.0,10,6.590357
10.0,10,6.592179
9.0,9,6.593876
10.0,10,6.596251
9.0,9,6.597957
9.0,9,6.599671
10.0,10,6.601986
10.0,10,6.603991
27.0,27,6.609666
11.0,11,6.612153
13.0,13,6.618934
10.0,10,6.621611
9.0,9,6.623514
10.0,10,6.625319
10.0,10,6.627604
10.0,10,6.629434
10.0,10,6.63169
23.0,23,6.636443
8.0,8,6.638053
12.0,12,6.64038
9.0,9,6.642055
8.0,8,6.643726
11.0,11,6.645933
9.0,9,6.647641
8.0,8,6.650529
9.0,9,6.652166
10.0,10,6.654562
10.0,10,6.656388
10.0,10,6.658731
10.0,10,6.660539
10.0,10,6.662769
11.0,11,6.664534
10.0,10,6.666836
9.0,9,6.668416
10.0,10,6.670775
11.0,11,6.672587
10.0,10,6.674896
11.0,11,6.677185
8.0,8,6.678695
8.0,8,6.680308
8.0,8,6.681903
10.0,10,6.683725
9.0,9,6.685398
10.0,10,6.687888
9.0,9,6.689703
12.0,12,6.692047
9.0,9,6.693763
10.0,10,6.696041
10.0,10,6.697949
9.0,9,6.700354
10.0,10,6.724828
10.0,10,6.733392
10.0,10,6.735659
10.0,10,6.738362
10.0,10,6.740241
10.0,10,6.742658
11.0,11,6.744553
10.0,10,6.746861
27.0,27,6.752339
26.0,26,6.757535
27.0,27,6.763934
30.0,30,6.769829
25.0,25,6.775714
26.0,26,6.781434
9.0,9,6.783085
29.0,29,6.78994
25.0,25,6.796662
10.0,10,6.798697
11.0,11,6.801234
10.0,10,6.804138
9.0,9,6.808058
28.0,28,6.814669
11.0,11,6.817344
13.0,13,6.82047
10.0,10,6.822446
26.0,26,6.828394
10.0,10,6.830342
28.0,28,6.836569
28.0,28,6.84276
26.0,26,6.848609
24.0,24,6.853623
26.0,26,6.858533
10.0,10,6.860863
8.0,8,6.862523
10.0,10,6.864202
10.0,10,6.866456
9.0,9,6.868196
9.0,9,6.869974
10.0,10,6.872343
9.0,9,6.874034
10.0,10,6.876319
22.0,22,6.880425
25.0,25,6.885245
27.0,27,6.890753
12.0,12,6.893136
25.0,25,6.898217
24.0,24,6.903495
25.0,25,6.909411
22.0,22,6.913435
22.0,22,6.917987
10.0,10,6.919816
10.0,10,6.922115
25.0,25,6.92686
24.0,24,6.931563
11.0,11,6.933887
24.0,24,6.938925
8.0,8,6.940559
9.0,9,6.942274
11.0,11,6.944512
12.0,12,6.946929
8.0,8,6.94856
10.0,10,6.950448
8.0,8,6.952148
10.0,10,6.955947
9.0,9,6.958035
9.0,9,6.959729
10.0,10,6.962129
9.0,9,6.963905
10.0,10,6.965802
9.0,9,6.968066
10.0,10,6.969971
10.0,10,6.972669
11.0,11,6.974742
9.0,9,6.976961
9.0,9,6.978664
9.0,9,6.98043
10.0,10,6.982767
9.0,9,6.984527
8.0,8,6.98618
10.0,10,6.988234
9.0,9,6.990631
10.0,10,6.992435
10.0,10,6.994675
10.0,10,6.996465
10.0,10,6.998653
9.0,9,7.000377
24.0,24,7.00553
9.0,9,7.007486
10.0,10,7.009939
8.0,8,7.011611
21.0,21,7.015731
9.0,9,7.017414
10.0,10,7.019704
11.0,11,7.021921
10.0,10,7.024277
10.0,10,7.026059
9.0,9,7.028255
9.0,9,7.030095
9.0,9,7.031821
10.0,10,7.034083
10.0,10,7.035852
10.0,10,7.038511
9.0,9,7.044448
11.0,11,7.047004
9.0,9,7.048838
11.0,11,7.051288
8.0,8,7.052995
12.0,12,7.055835
10.0,10,7.057631
9.0,9,7.059362
10.0,10,7.061589
9.0,9,7.063329
9.0,9,7.064985
10.0,10,7.067252
9.0,9,7.068959
10.0,10,7.071558
9.0,9,7.073255
10.0,10,7.075104
10.0,10,7.077318
10.0,10,7.079063
9.0,9,7.081254
10.0,10,7.083003
9.0,9,7.08466
9.0,9,7.087134
10.0,10,7.088868
10.0,10,7.091224
10.0,10,7.09285
9.0,9,7.094489
10.0,10,7.097004
11.0,11,7.099385
11.0,11,7.101147
9.0,9,7.103566
9.0,9,7.105358
9.0,9,7.106978
11.0,11,7.109271
8.0,8,7.111111
14.0,14,7.113609
9.0,9,7.11583
10.0,10,7.117542
9.0,9,7.119314
9.0,9,7.12174
8.0,8,7.12344
10.0,10,7.125222
10.0,10,7.127594
10.0,10,7.129316
10.0,10,7.131619
10.0,10,7.133329
10.0,10,7.135681
11.0,11,7.13773
10.0,10,7.14003
9.0,9,7.141689
10.0,10,7.143991
11.0,11,7.145883
12.0,12,7.148194
9.0,9,7.150399
10.0,10,7.152149
10.0,10,7.154626
10.0,10,7.156427
9.0,9,7.158101
10.0,10,7.160308
9.0,9,7.161987
10.0,10,7.164239
9.0,9,7.165911
10.0,10,7.167675
10.0,10,7.17002
10.0,10,7.171866
8.0,8,7.173508
10.0,10,7.175753
10.0,10,7.177487
10.0,10,7.1797
9.0,9,7.181428
10.0,10,7.183694
9.0,9,7.185329
9.0,9,7.187165
10.0,10,7.189607
11.0,11,7.191569
10.0,10,7.193861
8.0,8,7.195519
9.0,9,7.197225
9.0,9,7.198906
9.0,9,7.202233
10.0,10,7.204182
10.0,10,7.206784
8.0,8,7.208514
11.0,11,7.210409
11.0,11,7.213565
11.0,11,7.215869
11.0,11,7.218211
10.0,10,7.219986
10.0,10,7.222369
9.0,9,7.224107
9.0,9,7.22581
9.0,9,7.227484
10.0,10,7.229689
8.0,8,7.231276
8.0,8,7.232988
9.0,9,7.234624
9.0,9,7.2364
9.0,9,7.238555
9.0,9,7.240303
10.0,10,7.2421
10.0,10,7.244269
9.0,9,7.246381
8.0,8,7.248023
14.0,14,7.251028
9.0,9,7.252853
9.0,9,7.254591
10.0,10,7.257011
9.0,9,7.259074
11.0,11,7.261594
10.0,10,7.263401
9.0,9,7.265175
8.0,8,7.266771
9.0,9,7.268878
8.0,8,7.270708
9.0,9,7.27277
9.0,9,7.274539
10.0,10,7.276892
11.0,11,7.278765
11.0,11,7.281079
14.0,14,7.284014
9.0,9,7.285739
11.0,11,7.288058
11.0,11,7.289929
9.0,9,7.292221
11.0,11,7.294227
9.0,9,7.296462
8.0,8,7.298148
8.0,8,7.299762
9.0,9,7.301478
11.0,11,7.303837
9.0,9,7.305991
10.0,10,7.308015
11.0,11,7.310961
10.0,10,7.313691
10.0,10,7.315948
10.0,10,7.318761
9.0,9,7.320945
9.0,9,7.322983
9.0,9,7.324959
11.0,11,7.327792
10.0,10,7.330445
9.0,9,7.332466
10.0,10,7.334576
11.0,11,7.337669
8.0,8,7.339797
10.0,10,7.342627
10.0,10,7.344816
10.0,10,7.347502
10.0,10,7.350184
8.0,8,7.352723
9.0,9,7.357099
18.0,18,7.364599
9.0,9,7.366898
10.0,10,7.37017
9.0,9,7.372231
9.0,9,7.374362
9.0,9,7.37657
10.0,10,7.37922
9.0,9,7.381607
11.0,11,7.386718
8.0,8,7.390318
9.0,9,7.392171
9.0,9,7.393943
9.0,9,7.39617
12.0,12,7.398765
10.0,10,7.400559
10.0,10,7.402829
10.0,10,7.40486
10.0,10,7.407288
8.0,8,7.40895
10.0,10,7.410728
9.0,9,7.412437
8.0,8,7.414073
11.0,11,7.416368
12.0,12,7.418751
11.0,11,7.421326
19.0,19,7.425279
18.0,18,7.428517
28.0,28,7.434399
25.0,25,7.439297
27.0,27,7.444889
29.0,29,7.450565
27.0,27,7.456215
25.0,25,7.460997
23.0,23,7.46566
27.0,27,7.471512
22.0,22,7.475542
11.0,11,7.477846
17.0,17,7.481184
15.0,15,7.49255
9.0,9,7.494407
11.0,11,7.496792
10.0,10,7.499119
11.0,11,7.501044
9.0,9,7.503597
9.0,9,7.505527
10.0,10,7.507358
11.0,11,7.509803
9.0,9,7.511549
12.0,12,7.513872
10.0,10,7.516096
11.0,11,7.518464
11.0,11,7.520486
11.0,11,7.522843
8.0,8,7.524456
10.0,10,7.526642
12.0,12,7.528934
10.0,10,7.530714
11.0,11,7.533016
10.0,10,7.534749
10.0,10,7.537273
10.0,10,7.539097
10.0,10,7.541338
9.0,9,7.543024
8.0,8,7.544685
10.0,10,7.546904
9.0,9,7.548502
10.0,10,7.550214
10.0,10,7.552465
11.0,11,7.554955
10.0,10,7.556745
9.0,9,7.558366
8.0,8,7.560063
10.0,10,7.572646
10.0,10,7.57454
10.0,10,7.576768
11.0,11,7.579059
10.0,10,7.580846
11.0,11,7.583405
9.0,9,7.585074
11.0,11,7.587609
11.0,11,7.589907
8.0,8,7.591564
11.0,11,7.59337
9.0,9,7.595622
9.0,9,7.59749
10.0,10,7.599478
9.0,9,7.602028
10.0,10,7.604067
9.0,9,7.606046
10.0,10,7.608363
9.0,9,7.610051
9.0,9,7.611743
10.0,10,7.614016
9.0,9,7.615775
9.0,9,7.617443
9.0,9,7.619652
10.0,10,7.621451
11.0,11,7.623768
9.0,9,7.625392
10.0,10,7.627627
10.0,10,7.629311
10.0,10,7.631543
9.0,9,7.633196
9.0,9,7.634884
8.0,8,7.636579
10.0,10,7.638844
9.0,9,7.640469
8.0,8,7.642038
28.0,28,7.647455
15.0,15,7.650499
11.0,11,7.652386
11.0,11,7.654821
9.0,9,7.656484
11.0,11,7.658833
11.0,11,7.661114
10.0,10,7.662863
10.0,10,7.665122
11.0,11,7.667482
11.0,11,7.669423
10.0,10,7.671674
24.0,24,7.676383
9.0,9,7.678086
11.0,11,7.680347
9.0,9,7.68219
11.0,11,7.684381
16.0,16,7.687712
9.0,9,7.690439
9.0,9,7.692335
9.0,9,7.694567
10.0,10,7.69631
14.0,14,7.699379
9.0,9,7.701185
12.0,12,7.704517
15.0,15,7.708311
10.0,10,7.710228
11.0,11,7.712589
11.0,11,7.715086
11.0,11,7.717073
12.0,12,7.71967
9.0,9,7.72215
10.0,10,7.724261
9.0,9,7.726098
10.0,10,7.728488
9.0,9,7.730183
12.0,12,7.732668
10.0,10,7.734953
10.0,10,7.736884
10.0,10,7.739658
9.0,9,7.741524
10.0,10,7.74335
10.0,10,7.745691
8.0,8,7.747363
18.0,18,7.750872
18.0,18,7.755239
14.0,14,7.758102
18.0,18,7.76201
9.0,9,7.763707
18.0,18,7.767706
10.0,10,7.769632
9.0,9,7.771545
19.0,19,7.776011
21.0,21,7.78009
24.0,24,7.785222
39.0,39,7.794274
38.0,38,7.802293
31.0,31,7.80925
35.0,35,7.816493
28.0,28,7.822693
16.0,16,7.826164
19.0,19,7.830231
40.0,40,7.838856
32.0,32,7.846332
29.0,29,7.852066
28.0,28,7.858503
26.0,26,7.86407
41.0,41,7.872761
39.0,39,7.881024
32.0,32,7.887735
24.0,24,7.893181
16.0,16,7.896387
10.0,10,7.898186
9.0,9,7.89986
9.0,9,7.902068
20.0,20,7.90699
10.0,10,7.908971
17.0,17,7.912341
9.0,9,7.914594
10.0,10,7.916325
12.0,12,7.918723
10.0,10,7.921446
10.0,10,7.923754
10.0,10,7.930603
10.0,10,7.93256
8.0,8,7.9342
8.0,8,7.935814
9.0,9,7.937847
8.0,8,7.939874
11.0,11,7.942459
10.0,10,7.944743
9.0,9,7.94656
10.0,10,7.948457
10.0,10,7.950752
9.0,9,7.952464
18.0,18,7.957093
12.0,12,7.959637
20.0,20,7.9636
21.0,21,7.967616
23.0,23,7.973142
21.0,21,7.977337
15.0,15,7.980518
10.0,10,7.982324
18.0,18,7.986298
10.0,10,7.988432
63.0,63,8.001351
35.0,35,8.009371
26.0,26,8.014333
23.0,23,8.018959
20.0,20,8.02362
10.0,10,8.025544
9.0,9,8.027767
9.0,9,8.029512
13.0,13,8.031931
10.0,10,8.034207
10.0,10,8.036121
9.0,9,8.038006
11.0,11,8.040587
8.0,8,8.042367
11.0,11,8.044747
10.0,10,8.046501
12.0,12,8.048878
9.0,9,8.051092
8.0,8,8.052885
10.0,10,8.054978
10.0,10,8.057563
10.0,10,8.059521
9.0,9,8.061199
9.0,9,8.063401
12.0,12,8.065912
11.0,11,8.067646
10.0,10,8.070073
10.0,10,8.072139
10.0,10,8.074688
10.0,10,8.076481
10.0,10,8.078609
156.0,156,8.11084
41.0,41,8.118853
92.0,92,8.139358
70.0,70,8.154735
30.0,30,8.160617
16.0,16,8.16402
9.0,9,8.165699
9.0,9,8.167876
10.0,10,8.169718
10.0,10,8.172091
10.0,10,8.173842
9.0,9,8.175537
11.0,11,8.177824
9.0,9,8.179533
8.0,8,8.181117
10.0,10,8.183295
9.0,9,8.184914
10.0,10,8.187298
10.0,10,8.189044
9.0,9,8.190732
8.0,8,8.192322
11.0,11,8.1947
10.0,10,8.196903
11.0,11,8.198702
9.0,9,8.200843
9.0,9,8.202715
48.0,48,8.212265
9.0,9,8.213863
9.0,9,8.215624
10.0,10,8.217958
11.0,11,8.220362
10.0,10,8.222394
11.0,11,8.224743
9.0,9,8.226532
12.0,12,8.22888
10.0,10,8.231134
11.0,11,8.232962
12.0,12,8.235304
11.0,11,8.237629
10.0,10,8.239879
12.0,12,8.242232
8.0,8,8.243842
10.0,10,8.245539
11.0,11,8.247709
9.0,9,8.249353
9.0,9,8.251079
9.0,9,8.253335
10.0,10,8.255111
10.0,10,8.257322
11.0,11,8.259165
48.0,48,8.268919
96.0,96,8.289249
85.0,85,8.307835
11.0,11,8.309903
10.0,10,8.312269
9.0,9,8.314095
9.0,9,8.315985
9.0,9,8.31839
10.0,10,8.320378
9.0,9,8.322524
11.0,11,8.325067
10.0,10,8.327357
11.0,11,8.329234
10.0,10,8.331487
9.0,9,8.333313
10.0,10,8.335588
9.0,9,8.337491
126.0,126,8.408205
55.0,55,8.419761
56.0,56,8.432264
28.0,28,8.438415
24.0,24,8.443538
21.0,21,8.44777
27.0,27,8.453713
25.0,25,8.459267
50.0,50,8.470042
113.0,113,8.493262
10.0,10,8.495694
13.0,13,8.498352
49.0,49,8.508177
9.0,9,8.509923
10.0,10,8.51222
10.0,10,8.513928
10.0,10,8.516149
9.0,9,8.517959
10.0,10,8.520338
10.0,10,8.52223
11.0,11,8.524557
10.0,10,8.526448
10.0,10,8.528805
89.0,89,8.546883
151.0,151,8.577635
32.0,32,8.584095
9.0,9,8.585794
10.0,10,8.588175
9.0,9,8.59018
9.0,9,8.591942
11.0,11,8.594294
10.0,10,8.596096
9.0,9,8.598202
9.0,9,8.59993
11.0,11,8.602164
10.0,10,8.604267
13.0,13,8.607059
10.0,10,8.609276
11.0,11,8.611627
10.0,10,8.613384
9.0,9,8.615059
9.0,9,8.617181
10.0,10,8.618873
11.0,11,8.621439
9.0,9,8.623274
10.0,10,8.625538
13.0,13,8.627979
8.0,8,8.629614
9.0,9,8.631278
11.0,11,8.633598
78.0,78,8.649089
49.0,49,8.659282
106.0,106,8.679959
50.0,50,8.690288
50.0,50,8.699978
10.0,10,8.702159
9.0,9,8.70403
13.0,13,8.706497
13.0,13,8.708963
9.0,9,8.711189
10.0,10,8.712888
10.0,10,8.715116
9.0,9,8.716821
9.0,9,8.718516
11.0,11,8.721031
67.0,67,8.734966
52.0,52,8.745318
10.0,10,8.747074
9.0,9,8.748722
10.0,10,8.75091
55.0,55,8.761747
43.0,43,8.769922
11.0,11,8.772168
11.0,11,8.774524
9.0,9,8.776234
9.0,9,8.777904
11.0,11,8.78022
9.0,9,8.781848
11.0,11,8.784142
10.0,10,8.78642
12.0,12,8.793697
10.0,10,8.795502
9.0,9,8.797181
9.0,9,8.799302
11.0,11,8.801181
10.0,10,8.803477
11.0,11,8.805792
11.0,11,8.811942
10.0,10,8.814231
9.0,9,8.816093
10.0,10,8.818592
11.0,11,8.821165
10.0,10,8.824299
10.0,10,8.826152
11.0,11,8.82852
10.0,10,8.830779
10.0,10,8.832576
9.0,9,8.834245
9.0,9,8.836556
9.0,9,8.838218
9.0,9,8.839885
10.0,10,8.842162
10.0,10,8.843897
10.0,10,8.846161
10.0,10,8.847935
11.0,11,8.850313
76.0,76,8.865348
11.0,11,8.867706
10.0,10,8.869556
9.0,9,8.871357
10.0,10,8.873736
10.0,10,8.875504
11.0,11,8.877801
11.0,11,8.880129
11.0,11,8.882533
9.0,9,8.884258
10.0,10,8.886061
10.0,10,8.888332
11.0,11,8.890736
8.0,8,8.892335
9.0,9,8.894015
9.0,9,8.895664
9.0,9,8.897421
9.0,9,8.899595
11.0,11,8.901436
11.0,11,8.903913
11.0,11,8.906348
9.0,9,8.908001
9.0,9,8.909613
9.0,9,8.911851
10.0,10,8.913652
10.0,10,8.915889
11.0,11,8.917674
38.0,38,8.925741
11.0,11,8.928047
10.0,10,8.929858
11.0,11,8.93206
12.0,12,8.934374
9.0,9,8.9362
11.0,11,8.938542
8.0,8,8.940166
11.0,11,8.942477
11.0,11,8.944205
11.0,11,8.946603
10.0,10,8.948874
9.0,9,8.950553
9.0,9,8.952226
11.0,11,8.954693
9.0,9,8.956571
9.0,9,8.958261
17.0,17,8.961928
8.0,8,8.96364
11.0,11,8.965561
9.0,9,8.967756
9.0,9,8.969549
12.0,12,8.972238
10.0,10,8.974039
9.0,9,8.976256
103.0,103,8.996996
10.0,10,8.999209
10.0,10,9.000973
11.0,11,9.003514
10.0,10,9.00615
10.0,10,9.007934
9.0,9,9.009652
11.0,11,9.011974
9.0,9,9.014331
12.0,12,9.016741
9.0,9,9.018973
11.0,11,9.021071
11.0,11,9.023546
12.0,12,9.026047
10.0,10,9.029265
9.0,9,9.03092
9.0,9,9.03265
9.0,9,9.034382
11.0,11,9.036852
12.0,12,9.039718
10.0,10,9.04204
10.0,10,9.043938
10.0,10,9.046209
10.0,10,9.047968
13.0,13,9.050441
11.0,11,9.052908
10.0,10,9.055308
10.0,10,9.057012
11.0,11,9.059602
9.0,9,9.06138
33.0,33,9.067829
10.0,10,9.070101
38.0,38,9.077882
10.0,10,9.080144
9.0,9,9.081799
14.0,14,9.084831
9.0,9,9.08662
11.0,11,9.089279
8.0,8,9.090945
11.0,11,9.092924
10.0,10,9.095205
10.0,10,9.09702
10.0,10,9.099267
11.0,11,9.101704
9.0,9,9.10354
9.0,9,9.105339
9.0,9,9.107013
9.0,9,9.109325
10.0,10,9.111157
10.0,10,9.113435
9.0,9,9.115139
10.0,10,9.117056
9.0,9,9.119287
11.0,11,9.121317
10.0,10,9.123747
13.0,13,9.12632
52.0,52,9.136971
31.0,31,9.143686
9.0,9,9.145425
9.0,9,9.147126
11.0,11,9.14943
10.0,10,9.15167
11.0,11,9.153628
9.0,9,9.155946
9.0,9,9.157649
11.0,11,9.159917
13.0,13,9.16238
10.0,10,9.164148
9.0,9,9.166328
9.0,9,9.168012
12.0,12,9.170484
8.0,8,9.172148
11.0,11,9.17453
9.0,9,9.176221
9.0,9,9.177891
10.0,10,9.180143
9.0,9,9.181857
11.0,11,9.184194
10.0,10,9.185945
9.0,9,9.18769
9.0,9,9.189868
8.0,8,9.191453
11.0,11,9.193275
10.0,10,9.195482
11.0,11,9.197837
11.0,11,9.199636
9.0,9,9.201734
11.0,11,9.203591
11.0,11,9.206278
10.0,10,9.208476
10.0,10,9.210256
9.0,9,9.211941
9.0,9,9.214237
10.0,10,9.216025
11.0,11,9.218279
10.0,10,9.22012
10.0,10,9.222607
32.0,32,9.247638
12.0,12,9.250212
9.0,9,9.251861
11.0,11,9.254236
11.0,11,9.256508
10.0,10,9.258249
10.0,10,9.260507
11.0,11,9.262371
10.0,10,9.264667
9.0,9,9.266368
12.0,12,9.268715
9.0,9,9.27056
11.0,11,9.272907
9.0,9,9.27457
10.0,10,9.276831
11.0,11,9.279153
9.0,9,9.280825
11.0,11,9.283141
11.0,11,9.284957
10.0,10,9.287264
9.0,9,9.288947
10.0,10,9.291083
11.0,11,9.292936
10.0,10,9.295156
8.0,8,9.296711
12.0,12,9.299056
10.0,10,9.300837
10.0,10,9.303215
10.0,10,9.30526
11.0,11,9.307623
12.0,12,9.310115
10.0,10,9.312353
11.0,11,9.314172
9.0,9,9.316308
10.0,10,9.318145
12.0,12,9.32067
11.0,11,9.323249
9.0,9,9.32493
11.0,11,9.327329
11.0,11,9.329714
11.0,11,9.331633
11.0,11,9.334033
9.0,9,9.335685
11.0,11,9.338134
9.0,9,9.339804
9.0,9,9.341935
11.0,11,9.343802
11.0,11,9.346163
10.0,10,9.348435
9.0,9,9.350115
11.0,11,9.35238
11.0,11,9.354295
10.0,10,9.356552
10.0,10,9.358227
12.0,12,9.360576
12.0,12,9.362953
12.0,12,9.365379
12.0,12,9.367746
54.0,54,9.378731
94.0,94,9.396931
164.0,164,9.429607
83.0,83,9.446407
43.0,43,9.455475
87.0,87,9.473765
42.0,42,9.481931
60.0,60,9.494238
39.0,39,9.501994
50.0,50,9.511761
96.0,96,9.530646
78.0,78,9.546879
86.0,86,9.563997
93.0,93,9.582774
109.0,109,9.604356
50.0,50,9.613827
75.0,75,9.629173
95.0,95,9.698496
88.0,88,9.716869
71.0,71,9.731584
85.0,85,9.749259
78.0,78,9.764749
114.0,114,9.787979
57.0,57,9.799046
99.0,99,9.818926
41.0,41,9.827229
29.0,29,9.832791
31.0,31,9.83943
37.0,37,9.846589
40.0,40,9.854841
85.0,85,9.872189
126.0,126,9.898021
179.0,179,9.934736
27.0,27,9.940864
27.0,27,9.945846
25.0,25,9.951192
25.0,25,9.956309
42.0,42,9.964487
44.0,44,9.973263
44.0,44,9.981833
67.0,67,9.99537
33.0,33,10.001632
128.0,128,10.02823
90.0,90,10.047206
134.0,134,10.074049
168.0,168,10.142817
118.0,118,10.168579
39.0,39,10.176575
50.0,50,10.186167
123.0,123,10.210742
53.0,53,10.221478
25.0,25,10.226409
44.0,44,10.235256
69.0,69,10.249652
115.0,115,10.272185
68.0,68,10.285647
53.0,53,10.296598
102.0,102,10.316251
236.0,236,10.364258
167.0,167,10.3979
133.0,133,10.424171
132.0,132,10.452339
72.0,72,10.466801
84.0,84,10.483694
143.0,143,10.51195
116.0,116,10.535052
195.0,195,10.649031
75.0,75,10.66424
101.0,101,10.685292
107.0,107,10.70671
44.0,44,10.715316
51.0,51,10.725745
202.0,202,10.76622
94.0,94,10.784665
102.0,102,10.805134
43.0,43,10.815073
46.0,46,10.825069
95.0,95,10.845368
96.0,96,10.864759
135.0,135,10.891182
20.0,20,10.895182
17.0,17,10.899309
21.0,21,10.903653
42.0,42,10.912219
82.0,82,10.929292
124.0,124,10.955581
177.0,177,10.993357
58.0,58,11.006285
74.0,74,11.021587
152.0,152,11.096109
98.0,98,11.116718
104.0,104,11.138967
81.0,81,11.155581
90.0,90,11.174106
50.0,50,11.184465
44.0,44,11.194046
50.0,50,11.204202
80.0,80,11.220973
118.0,118,11.24591
117.0,117,11.271311
148.0,148,11.303059
105.0,105,11.32467
108.0,108,11.346095
109.0,109,11.368099
154.0,154,11.399819
87.0,87,11.417698
90.0,90,11.436126
72.0,72,11.450936
98.0,98,11.473012
126.0,126,11.557668
31.0,31,11.564108
22.0,22,11.56892
27.0,27,11.574699
56.0,56,11.586205
62.0,62,11.599391
47.0,47,11.609357
43.0,43,11.617556
48.0,48,11.6273
39.0,39,11.635083
38.0,38,11.643099
23.0,23,11.647356
20.0,20,11.651416
25.0,25,11.657072
54.0,54,11.667618
160.0,160,11.699218
164.0,164,11.732275
198.0,198,11.774795
117.0,117,11.825008
89.0,89,11.843358
154.0,154,11.876289
117.0,117,11.899999
161.0,161,11.93303
70.0,70,11.94751
131.0,131,11.97379
108.0,108,12.041115
139.0,139,12.069295
110.0,110,12.091188
66.0,66,12.103866
107.0,107,12.125224
107.0,107,12.146589
191.0,191,12.184137
135.0,135,12.211448
146.0,146,12.240792
138.0,138,12.269392
157.0,157,12.300664
127.0,127,12.325938
169.0,169,12.35934
208.0,208,12.400527
100.0,100,12.420217
148.0,148,12.500214
250.0,250,12.54987
221.0,221,12.593605
159.0,159,12.62504
181.0,181,12.660723
242.0,242,12.711843
165.0,165,12.744385
161.0,161,12.776
124.0,124,12.800488
126.0,126,12.825429
162.0,162,12.856854
96.0,96,12.87584
235.0,235,12.98512
157.0,157,13.015879
257.0,257,13.065867
137.0,137,13.093227
175.0,175,13.127258
114.0,114,13.150371
166.0,166,13.183914
122.0,122,13.208507
224.0,224,13.252939
186.0,186,13.289435
179.0,179,13.32434
202.0,202,13.432764
157.0,157,13.463663
166.0,166,13.496518
134.0,134,13.523213
84.0,84,13.539534
236.0,236,13.585972
171.0,171,13.620443
182.0,182,13.656134
117.0,117,13.679117
127.0,127,13.704152
239.0,239,13.751687
168.0,168,13.784763
129.0,129,13.871355
112.0,112,13.895145
249.0,249,13.944751
186.0,186,13.981813
152.0,152,14.011748
135.0,135,14.038505
146.0,146,14.067592
110.0,110,14.090654
132.0,132,14.116647
219.0,219,14.159408
159.0,159,14.191005
148.0,148,14.220459
282.0,282,14.333245
137.0,137,14.360103
180.0,180,14.395821
146.0,146,14.424394
198.0,198,14.463663
143.0,143,14.4921
210.0,210,14.533957
129.0,129,14.55978
321.0,321,14.623283
357.0,357,14.693461
243.0,243,14.794232
175.0,175,14.827913
192.0,192,14.865626
171.0,171,14.899017
174.0,174,14.933603
161.0,161,14.964428
192.0,192,15.00361
203.0,203,15.043651
178.0,178,15.078529
166.0,166,15.111902
158.0,158,15.143319
169.0,169,15.23424
154.0,154,15.265896
127.0,127,15.291125
215.0,215,15.333323
186.0,186,15.370839
205.0,205,15.411645
149.0,149,15.442743
159.0,159,15.474048
200.0,200,15.525099
196.0,196,15.563509
130.0,130,15.589319
157.0,157,15.620381
166.0,166,15.713763
228.0,228,15.758863
159.0,159,15.790041
284.0,284,15.846016
222.0,222,15.890379
338.0,338,15.957725
198.0,198,15.996793
165.0,165,16.029305
165.0,165,16.061553
168.0,168,16.181729
219.0,219,16.225922
210.0,210,16.267022
151.0,151,16.296976
170.0,170,16.330756
164.0,164,16.362994
184.0,184,16.401364
174.0,174,16.436477
193.0,193,16.475354
174.0,174,16.51271
186.0,186,16.551394
211.0,211,16.666514
408.0,408,16.747038
215.0,215,16.790431
211.0,211,16.833247
254.0,254,16.885807
151.0,151,16.91635
160.0,160,16.948509
303.0,303,17.00861
230.0,230,17.128207
153.0,153,17.159906
149.0,149,17.19074
191.0,191,17.22965
150.0,150,17.261419
206.0,206,17.303716
268.0,268,17.359736
216.0,216,17.403217
229.0,229,17.448704
166.0,166,17.480841
243.0,243,17.528531
182.0,182,17.626748
226.0,226,17.671361
199.0,199,17.710434
189.0,189,17.747714
227.0,227,17.793862
156.0,156,17.825942
229.0,229,17.871409
220.0,220,17.915308
233.0,233,17.961472
194.0,194,18.064606
137.0,137,18.09167
208.0,208,18.132677
184.0,184,18.168774
182.0,182,18.204761
217.0,217,18.247809
139.0,139,18.276446
178.0,178,18.312245
177.0,177,18.347166
167.0,167,18.380402
213.0,213,18.421918
222.0,222,18.53986
142.0,142,18.567522
191.0,191,18.605197
238.0,238,18.653398
253.0,253,18.704357
250.0,250,18.755094
193.0,193,18.793543
166.0,166,18.826725
198.0,198,18.865738
196.0,196,18.904829
234.0,234,19.015507
192.0,192,19.052859
267.0,267,19.10566
206.0,206,19.145953
215.0,215,19.188221
193.0,193,19.231373
338.0,338,19.297865
167.0,167,19.33007
168.0,168,19.363102
167.0,167,19.468812
234.0,234,19.515075
182.0,182,19.550755
223.0,223,19.59482
150.0,150,19.624025
182.0,182,19.65977
179.0,179,19.696301
342.0,342,19.763302
149.0,149,19.792495
222.0,222,19.835741
175.0,175,19.931722
249.0,249,19.980975
176.0,176,20.015219
164.0,164,20.046918
245.0,245,20.095122
177.0,177,20.130774
205.0,205,20.172254
209.0,209,20.213025
202.0,202,20.252946
205.0,205,20.294147
178.0,178,20.401659
225.0,225,20.446068
221.0,221,20.490013
183.0,183,20.525429
176.0,176,20.560112
174.0,174,20.594852
161.0,161,20.627366
213.0,213,20.668571
198.0,198,20.707859
171.0,171,20.74203
177.0,177,20.776466
165.0,165,20.86817
175.0,175,20.904256
195.0,195,20.942262
203.0,203,20.981656
145.0,145,21.010713
185.0,185,21.047455
215.0,215,21.091277
211.0,211,21.131984
361.0,361,21.203027
194.0,194,21.307762
203.0,203,21.347775
224.0,224,21.392068
184.0,184,21.427952
201.0,201,21.467817
170.0,170,21.502209
212.0,212,21.545438
190.0,190,21.583335
221.0,221,21.626884
230.0,230,21.672431
208.0,208,21.776486
231.0,231,21.822294
199.0,199,21.860836
191.0,191,21.898309
202.0,202,21.937989
187.0,187,21.975753
258.0,258,22.026921
214.0,214,22.068446
203.0,203,22.108732
173.0,173,22.141828
155.0,155,22.234289
251.0,251,22.286006
213.0,213,22.327723
198.0,198,22.366977
248.0,248,22.416389
267.0,267,22.469265
158.0,158,22.500849
257.0,257,22.551279
228.0,228,22.596372
281.0,281,22.703185
232.0,232,22.748484
188.0,188,22.785431
168.0,168,22.818496
157.0,157,22.849309
230.0,230,22.895225
140.0,140,22.922963
235.0,235,22.968638
209.0,209,23.009793
170.0,170,23.043219
